house_id,predicted_price
2591820310,376820.25
7974200820,874378.4
7701450110,1190128.2
9522300010,1411204.8
9510861140,726907.1
1761300310,241563.25
7732410120,803369.25
7010701383,605053.1
291310170,429825.97
4232901990,548423.4
6840701125,609547.44
3971700580,390476.6
4202400078,246050.64
6064800090,334726.25
2626119028,217644.88
3303980660,1099518.9
862000020,844013.2
2386000070,973151.2
1138000450,370626.3
1775800420,460694.7
2291401425,419294.8
2025770560,866179.25
3525069037,690811.25
9324800450,552015.7
8080400136,550518.9
8651540040,513180.1
9407001790,262612.2
1773101530,183296.0
9432900250,326746.6
1794500695,619255.6
2220069003,327320.47
923000120,494572.06
5728000060,568640.9
16000200,253952.92
1926059094,436482.75
6672900220,1161960.5
3629860060,827795.8
1822069109,399373.38
6675500105,360599.34
249000180,1805282.2
226059065,534047.5
396100110,268325.03
9264450460,335271.9
7853361210,383791.66
9474700020,317295.84
421000455,249002.78
3755200220,428130.22
7960100075,480248.38
9477100490,392725.2
9138100350,728285.1
1624049275,453869.88
2770606890,523197.9
1157200189,391392.62
2770601800,498955.2
9301300805,554643.56
2325069032,1201576.1
1021079099,368393.2
7215730040,743530.2
1853200080,449269.7
3224600340,694496.56
3222049120,423303.38
2113700025,291915.12
7893207925,206082.22
3586501085,582061.44
8024200010,399636.25
7116500705,170294.9
1598600209,322662.2
7204200025,761299.75
4206901505,563559.6
2937300440,933464.5
7205000180,342485.34
8718500665,356553.25
5318101765,996695.44
4122700020,1019042.9
8078700020,562020.3
3303980680,951988.94
8924100372,1260802.0
2781270210,206820.55
519000043,536341.25
3225069301,1285015.8
151000075,735692.44
2297400020,442356.28
6617500085,617812.25
104510180,230298.4
3528900060,990121.5
3345100286,518589.44
1226039130,428853.12
8712100720,821037.5
3037200010,403700.9
3626039268,431470.8
104510230,234047.83
5112800060,421466.12
6072400280,667536.75
5317100570,1086967.1
9528102993,578267.56
2919201095,501351.56
6181400920,246253.69
185000161,243949.66
8691400010,746091.56
3345700165,521087.06
6151800486,234767.89
4340000080,1293203.4
4136960010,571522.9
3634100030,353601.78
1624059224,1071182.2
2788400090,252528.27
9828200762,449996.1
7524400250,550926.5
3528000290,755722.56
5700003630,1545408.0
2720069019,317340.0
7227501170,224036.05
2397101270,602931.6
6792100090,742455.25
2770602265,510276.88
3971700937,281387.38
422049203,221672.3
3076500830,297389.5
1423400260,274638.44
9161100795,437485.44
3126049052,464097.7
5100401468,408099.44
514500235,479598.0
1423200170,188439.72
1402100070,395515.97
624110020,732795.56
2407000145,210622.77
1890000225,811266.25
1320069271,334719.53
5490700085,365965.47
263000155,463917.16
3726800201,390311.7
5153200358,293435.5
2725079018,745501.94
7165700200,270801.94
9429000170,585678.0
8718500075,373789.03
1760650950,302727.94
1068000559,1268107.1
4113800500,657971.44
4077800507,536192.94
2725069150,734159.6
4008400035,654171.06
7016310270,412658.44
1432701230,220804.72
3278606050,318785.7
2473350710,365884.88
2185000685,143547.72
7792000025,383604.66
6868200029,484198.3
624069003,717128.1
7431500280,786704.5
3296000040,585115.8
1118001215,1561967.5
6453900040,687672.6
333100209,727495.2
34001765,618594.0
8946700100,376506.28
5561401210,588635.1
6671900095,367331.97
3275850020,696332.3
3876300600,392295.47
1450900020,271651.66
8562780280,328528.25
7663700973,321805.12
2126049032,349718.22
1823059159,160459.44
3438503426,253738.2
9297301495,494449.94
7140700850,376816.28
7942601805,677048.0
2555900030,359276.4
2887970040,276745.47
7419700010,614396.1
2239000011,359534.84
9283800050,360906.94
9407001340,279418.12
217500140,522128.72
7212660520,242576.72
3298201170,327142.9
3057000400,274567.2
6865200444,501403.7
6071600340,526090.4
6821600005,705691.0
1235100371,747429.0
7796450340,336070.94
3603000410,176981.14
9297300255,501223.44
9126100850,489592.5
2770601462,482765.28
2599001500,217334.38
1102000095,760160.0
1853080640,914271.06
9551201585,826067.1
3438500796,331186.4
7518504291,503821.4
9269200340,411990.38
715010130,1499946.4
1982201485,614892.0
9526500080,394803.72
9277200180,465692.47
6669150280,295366.28
8917100153,598354.9
3760500516,1083119.9
2725069050,959862.75
3332000091,330486.28
8562770080,590441.56
8151601190,280304.5
8563040160,596972.06
240000269,661115.1
4307350200,313067.62
1311910300,261769.53
3574900030,521866.88
7853230570,437096.34
320069049,378354.25
9839301060,626551.06
7011201333,593740.9
2781320100,262528.78
3421069120,419112.94
7852030320,462085.6
5316101075,1692151.1
5309100750,554089.5
629000730,853494.0
511700170,297407.34
1562100030,542901.6
2489200230,603548.94
524069116,510011.72
5315100737,1013724.4
1868900675,802008.94
1608000120,344845.75
705700240,361550.44
7575600610,264875.66
1778500015,752465.5
5423500240,196019.23
6713700025,354050.9
2734100734,308104.3
301402280,197250.53
2113700205,246850.94
4114601570,2293263.2
3332000615,322771.75
3630050180,361128.3
6852700520,523270.75
6870310010,659888.7
6163900981,310336.38
393000142,371142.0
1771100130,327219.34
1442860160,386763.4
9191200435,578209.6
6788200800,948935.2
1115300070,666283.75
3176600105,683290.06
2770604665,579799.94
5469500580,399987.06
5680000545,473098.7
3424089119,554049.4
1328300180,326944.53
1773100922,351977.4
4123830480,335235.44
9808610190,971331.06
4250200140,275640.25
4217402115,2190959.8
3831250350,375799.25
2397101055,837330.8
6817850110,813129.1
7526800200,627230.8
7853370100,635254.8
2523089025,908204.44
9476200680,255888.83
5714200140,410206.12
3575304895,532181.6
263000018,420226.38
8080400177,483055.4
6450304130,328227.6
514500090,588143.56
9477000300,437963.0
853600310,1420533.8
1951600240,197573.03
1099900120,346985.44
5323100120,547177.9
1223089016,416134.62
522059172,243535.19
1930300190,710856.25
9542840410,311276.88
8665050530,493368.44
5592900205,363064.2
5450300010,586979.2
2459960030,332725.3
3331500455,546736.06
3432500705,416254.88
3702900165,343235.44
5249803550,569427.2
626049058,418071.8
1788900380,180233.6
8075400360,226005.62
9113200250,750934.25
2738640040,655612.5
7821200307,468056.28
3530440140,239168.95
3582700130,447824.25
9276200569,680860.5
7197800020,595117.9
686200490,537466.7
3501600100,407298.1
6383000690,607318.7
7604400150,357937.84
5249801411,714078.25
2607720420,445231.3
9561100010,389318.7
1796370590,253420.67
4077800593,369166.56
854000165,234468.73
5536100010,722740.94
4188000670,808175.9
31000165,1452437.0
662350050,971468.2
4137000280,274453.56
6169901130,1048483.06
1953400510,245251.3
7518506716,1043930.4
1552520010,373502.53
7955080270,317317.94
9212900100,529231.94
3438500798,330781.12
7899800890,202768.81
4319200605,475437.06
1329300480,378803.0
8935100100,871948.5
5016001260,369125.38
4337600280,303261.34
1446401220,187052.98
7135521530,587767.9
6888900115,227107.75
2413301070,275247.53
345700040,288713.22
5566100145,443403.3
7634800070,386090.84
9346910500,663667.8
3529300060,313078.66
8128600060,1082262.9
8572900275,203104.4
4139420590,1355394.9
9274200322,619980.1
1472700200,591672.6
8820903380,489915.25
8563010130,914437.6
8965450110,855878.94
9274204230,494925.47
8165501700,339223.7
2193340260,530150.3
1860600290,961171.75
1222000055,203679.34
2492200280,460917.94
2488200455,396497.9
809001520,1131446.9
1796361140,246049.0
6398000011,816824.0
6813600365,563172.75
7504100920,784989.0
8835770330,637444.4
524059322,911346.1
4307330280,386560.97
1245002952,1048665.0
2021069059,257478.5
5700000595,646785.3
3629970930,734733.25
3336002215,287567.6
5100401060,615489.9
3278600750,267750.66
1126069045,1182248.1
7568700175,316338.34
452001475,509369.6
9283800230,487060.47
1737300130,489632.2
6189600040,520438.47
3679400025,448385.38
1096100010,317197.5
9513900050,238464.05
5452800645,804301.44
273800100,229181.67
7228500037,463425.44
808300090,480993.7
2493200215,613159.9
5035300255,698061.75
3380900160,376814.5
3630000130,411433.22
7300400670,284071.28
6798100070,347941.44
8078400010,566851.4
5566100060,488395.4
2768200212,516776.6
4035900060,543278.1
9460000110,336273.88
7199320190,565293.94
2225039081,495662.8
9512200050,552431.2
2634500085,320309.72
3654800200,276132.25
2724079090,1081855.2
2597520720,799438.56
3034200426,394894.47
984000130,294344.72
7852020670,435361.56
7923500060,702475.4
2310030510,304512.16
2205500540,466508.56
2493200015,420250.0
7853361420,563440.3
5652600605,546230.06
5285200020,304645.2
9406530150,356850.56
5706300020,475906.12
3278602490,395196.62
7197000100,532916.5
4447300008,519257.56
7899800045,217249.42
9250900095,363655.0
9268851740,615929.1
8682261440,502618.75
7284900385,865243.8
8079040300,406695.3
2225300585,395866.56
3223039013,453226.7
2013801350,269112.56
4055701110,793106.1
3578401770,438761.06
4046500720,537828.7
6145601745,316728.66
5207200195,710722.75
1972201856,566536.9
7212680080,250744.98
7277100510,585646.1
522079022,595250.7
5605000440,966374.9
6632300230,370308.7
8815400165,627772.44
6708200320,488507.7
2426059076,559731.5
3260200200,591721.75
2770601741,463063.62
4338800500,245172.72
9201000320,775424.9
7655900038,336941.9
3625059140,597020.5
4222310010,184453.72
2114700115,313284.44
3291800710,336529.88
9406590010,392016.47
3025059124,1904978.8
7972601250,367327.75
930000470,919710.5
6690500060,497754.66
16000015,185177.94
5693501102,561515.6
8079040490,444215.12
7225000155,329852.75
8819900170,746251.6
7972601270,318529.5
1224069074,834457.0
5126900321,336403.44
3438501860,281243.84
2822069080,408390.66
1656600310,545324.9
3856900507,1349342.2
1626069139,461359.03
2524049257,1138309.8
3904960150,544498.6
7214820610,453491.28
7977201845,593564.25
2428100080,842649.94
2202500135,428104.9
1523550220,692099.1
2313900610,434927.06
4123840050,380019.5
2125059124,1060449.8
1225039067,478056.84
6431500283,483526.44
2473380010,305913.4
5694501195,399148.72
2881700046,368634.28
6837820330,314656.12
2337300370,211306.22
3876540630,236955.6
626059317,349858.34
3374500520,340166.72
7228501903,357160.06
4019300051,539967.2
4232902615,601089.3
3546000090,252278.17
8127700215,736522.2
3438501100,399025.78
1769600066,742698.2
8146100610,613057.56
3052700695,545621.94
7954310210,623923.3
3761700053,1632592.2
1320069179,300342.28
1331900410,769736.9
7303100210,335974.47
2464400285,482665.38
6163901150,363508.0
8955800045,351149.62
2314300200,408004.1
9528104360,408507.12
4177100005,621140.7
8856960260,316369.44
1828001220,624479.3
3066400710,686196.0
624110610,830303.75
4040800260,414366.4
5019500215,521827.06
2481630180,1129826.2
7203170190,699541.2
510001280,966561.06
9430110120,694015.9
1565950030,332809.38
9828202255,766660.6
3878900270,417768.5
8091600080,212884.73
1112000035,305130.5
2228900270,310060.66
6648701740,290458.34
1245003740,657622.0
2174503441,511403.22
7708250010,310410.7
6072300110,589045.06
2329800140,256702.27
1494300040,523606.72
3832050130,287872.44
7203100730,874353.4
7199330170,463963.16
7785000220,722588.6
1250201175,339809.75
4054500180,1056171.4
7905200061,444649.12
3751604895,195312.56
5220300140,311259.06
3323059027,321544.38
8651611980,869427.56
8673400190,532240.0
1668500100,816340.4
1023059365,570269.0
3308030060,336477.56
4232400860,922660.56
2144800615,216324.66
1568100920,1205414.1
9406510040,482307.84
2923049421,326489.94
1051000040,1621698.9
2077700042,687262.2
9423800030,260617.22
9818700455,645143.56
7133300675,321904.56
4113800550,660307.94
5553300375,1587869.8
2025701530,284263.94
7942601155,440321.25
7524300020,305776.3
2520069100,306775.84
5412300410,218430.47
7504110760,718080.8
2594200350,462301.12
2722059013,230344.55
8078430480,551557.3
1423069162,534036.3
8856001090,172662.22
7000100631,727587.5
4222200280,224420.53
7971300050,641719.56
2009001600,251731.4
6619910140,665054.75
2877100985,540655.56
1196000007,335944.7
1330850130,748557.5
6664900410,270334.38
1231001110,297783.7
9235900030,281825.38
9407101840,314660.03
9523103001,408245.03
2149800278,386450.38
7234601198,662773.5
9476700035,384742.62
9297301065,561592.75
518500700,787265.9
7843500090,343611.1
6056110780,274004.53
2345700260,354499.6
3509600070,238720.27
1431700280,334529.0
1623049174,269684.2
3024089049,347862.8
7853340450,386536.62
7732410360,792327.4
1446800995,305987.22
2946000285,245412.97
425079100,430314.88
3876313040,449682.5
1762600260,1010121.8
1925069121,1020802.44
7443000480,874253.3
7820000015,343204.7
4027701253,476680.6
2826049165,381515.25
5426300060,811168.75
1278000210,147366.44
923000270,358187.8
7657600005,243030.56
3024079057,397593.34
3276180020,302159.72
7304300760,299249.25
3908100020,563297.94
8835400805,606708.56
4051150070,216579.17
3904930530,459830.88
6163900971,361632.5
7942600310,392689.25
4365700330,268033.47
423059207,287811.5
3992700265,347325.78
7177300090,502008.94
2540820010,649765.25
5700002510,954356.0
5201000030,575084.94
7631800015,1517135.2
2922702965,670486.3
1525059198,957751.44
1245003160,746537.1
3810000455,298256.34
7855600080,625638.75
5701500030,1245995.5
7504020400,600281.0
1402600570,324716.88
7575610760,258613.23
8731990370,380151.44
5021900090,808330.8
290000075,396746.03
2841500010,460966.75
3955900830,441313.4
7852110140,546220.1
1311400350,253067.81
7773800015,559499.3
4123400320,494254.28
2725069157,849398.25
666000143,840552.75
5101408678,506120.94
6371000026,370901.75
2024059084,678037.25
7283900036,322187.44
8881900230,736449.9
3959400135,362444.56
7696610270,227503.16
1689400150,732970.3
5103900015,435202.97
1441000350,444811.16
5101408735,322651.44
3126059027,1558820.1
2320069014,500515.53
9541600015,663557.75
8682320420,777113.56
1562200090,629799.25
3395070980,496704.8
7349600230,244869.66
522049122,254224.08
869700060,307353.3
811000055,1371001.8
1221059176,414174.0
1523059103,451765.06
2025760210,721566.0
9218400088,342183.03
8682292020,465604.97
2623089135,461183.06
3758900259,1236342.8
524069049,555243.75
3121500150,834236.6
5581400080,786162.25
8087800020,454471.5
4070700290,756664.4
3296000170,621314.9
9238500040,529997.1
2744600040,360787.16
6813600380,598731.56
6140100150,469335.1
2201500555,455195.0
2600110250,660623.5
4337000275,153757.0
1186000150,498581.3
1972201963,512861.12
1105000745,357724.22
2887700560,575293.4
4039700080,621433.94
522049104,273925.1
4202400078,246050.64
7520000695,214984.53
7714000310,394957.75
4319200060,721006.1
8624700015,593002.4
5104520610,310281.62
2354300845,279731.16
3824100291,474377.72
6151800612,229350.47
5454200080,990655.1
6413600290,356254.5
2131200065,306929.47
1459920010,282354.56
50300090,389577.56
2326300090,661351.6
7714000070,393077.44
3630180500,1007612.6
1727850340,1049421.4
8691430330,1025297.3
2310030390,263898.62
5561400610,537024.0
7010701016,495772.03
7883605915,241688.38
1282300995,343156.56
4040700310,484542.94
3353400435,242608.19
2143701015,486927.2
255450020,376075.3
1020069017,300253.78
4038200120,498262.84
9284801100,277452.9
1965200075,633507.56
847100047,571792.75
4038700720,537144.9
6815100085,837865.2
2508000020,269992.22
255520180,669688.75
6822100750,599590.4
869700050,327870.0
1775801405,576913.6
6600400090,214343.34
7202330270,434415.1
1683400165,798069.7
2625069070,1162071.2
7625702440,437927.94
3388000640,225740.44
1899400365,322607.12
6899990200,877408.94
5569700020,900721.75
986000045,284671.16
3293700221,304347.84
3764800250,348634.3
2291400566,373336.6
4219401236,1378969.1
4239400840,148138.77
7211400990,199444.19
7696500280,190950.69
7215721070,516309.1
3204850140,360513.72
4322200220,617088.5
2566300100,1081315.8
1944900090,430530.38
6648500390,286427.62
7385300020,731709.0
1704900135,345805.75
2877100655,738722.6
2726079098,606842.8
7625703800,502842.2
318300040,496114.44
7922800190,536043.1
2023049361,199447.05
8946400210,471988.75
6071600450,562960.1
4343800100,385332.72
1443300140,357917.7
1024039001,885986.4
2767704860,634078.1
7234600851,679237.9
644200065,815770.75
7784400035,644927.6
3826000560,209694.0
9272202260,319929.62
263000253,451022.94
3621059043,536115.25
240000130,470836.94
1352300120,196868.28
7849200861,276524.66
2487700130,508980.16
1796100140,282469.56
7234601221,577088.56
8651710190,483642.22
2916200091,599430.3
1232000915,520179.44
1545801970,275039.97
3211200420,335483.3
7686204675,206399.47
3141600210,200840.8
3959401284,503059.47
2113700825,268848.6
3876000710,391396.75
522069022,580524.2
3214200070,394961.88
1221039156,296754.88
259600790,452704.44
785000040,456966.12
8138870470,519504.22
2596300035,318713.62
540100057,1602059.8
3073500045,490070.88
5363200266,415409.78
8682261650,526036.7
3224510080,841188.6
3211270160,421321.06
9269200520,208134.38
293810190,468358.56
4197400043,335095.12
3026079031,324821.88
5332200405,1018533.75
2473411210,317359.38
9268200315,514339.34
8123500050,599753.4
3221069091,461169.0
2485000165,678301.1
4058800215,592460.9
1926059039,810226.3
2533300680,962046.6
3343903640,294305.4
5700003705,1207765.0
2023049372,398008.38
4058800830,517339.22
3333002302,413181.0
2944500340,287286.9
1982200790,506119.5
8929000270,485405.03
8122101440,284925.38
7525530470,758161.0
9332800020,613922.9
3878900525,228163.25
5420300210,266840.84
9232900165,329271.0
6414100026,405134.5
3013300660,870584.2
7954300120,550481.1
1081200360,334387.72
2877102345,500329.88
2202500255,481437.0
7984400050,218148.19
9558020380,427913.06
7812801850,204504.6
8944460020,384643.94
2306400040,544439.44
8649400410,343349.7
7889602020,251636.12
2041000025,481363.53
871001484,592165.44
2767602141,505207.1
3630180470,787262.9
2769602140,455121.66
2473250280,315889.16
5422560660,508915.12
3756600240,356437.66
8651600160,765412.9
7202300540,851459.9
8961950250,445219.84
3303000130,436663.06
798000062,270414.84
1695900150,877789.75
1604730150,533969.56
4136930310,354613.53
8835401250,1138024.4
8665900328,442920.25
9262800255,300990.3
1853080570,824863.5
5556300114,747764.1
9517200290,457711.53
4037200295,506457.5
7417100123,390506.75
2620069077,190249.06
7922720040,641339.0
558100090,486893.28
257000037,274089.22
3319500385,438863.2
9297301520,314264.47
3580900090,368154.38
1321039076,195378.53
7227801581,295863.3
9407001620,315412.62
2130400150,333713.94
2312400200,252382.36
4046700210,351007.3
1193000480,918999.5
1492800296,536139.25
3013300017,426061.5
3630240140,611075.25
1049010390,338967.22
9320900420,150080.52
4315700060,386245.16
2591010290,259680.4
323089085,606939.44
6600400270,211511.06
2919701105,486346.12
7202360670,860979.2
8927600100,780728.94
3211700045,623465.9
4027701326,463290.22
1601600195,276793.78
7853280350,742293.9
3629970130,701173.56
7203120020,816193.25
9542900190,367258.06
8035350120,501017.0
1238501184,1053762.9
251200240,479063.62
8945300200,199549.22
2162000160,1127160.5
5466310060,198476.31
1239400064,855430.1
5205000020,316850.44
1720800305,736025.75
7280300375,620208.4
2095800400,460192.78
7852010950,533628.5
1428001160,496349.2
9528104910,693894.1
8644210470,841396.44
7923300310,501893.56
254000100,582986.94
1931300688,491179.3
7007700030,428050.2
422049178,219213.25
422069067,435401.4
2923049393,356091.1
930000305,481598.2
2461900448,483405.2
2610100020,302585.06
2895550050,252375.14
7701700040,288071.84
2460900020,485731.5
9827700105,586528.7
1005000240,267007.1
7200001254,522521.75
866400040,543575.1
305000170,650095.0
2260800110,885966.1
3442000127,713984.3
5253300437,475704.22
7576700150,1064843.0
5469501410,466014.12
5104531120,644771.44
723049434,341635.56
622069006,1170654.0
2517101200,315292.03
8159620160,239113.08
5561300640,426128.12
3317010130,204787.2
4364200250,422564.06
8732300060,759475.25
5603700025,756029.6
3585900190,880575.94
3996900575,247411.16
8731801260,228702.2
3810000860,334236.6
5700003585,1468130.5
6332000050,465711.56
9286100250,444235.03
9471201110,1023108.4
9290800050,635689.3
7300200400,620196.0
526069024,890807.2
1454600156,879961.4
3904980360,513726.56
2626119062,293712.66
8651730290,416065.2
7611200195,830362.4
1919800260,608265.8
6632900354,277457.66
3972900195,314398.47
5151600170,306048.5
7016000440,445035.2
871000435,767732.56
9578060540,521576.8
2332700060,856994.6
766000240,272210.53
4363700200,313535.22
7100000250,335487.16
2781250560,209305.4
2781250100,352443.97
5419800220,254682.97
7147600245,257567.17
2926069083,906733.2
6189200125,775473.0
9542830160,301678.0
5152200020,275468.9
9412900045,501834.7
6600410480,185934.45
6979970080,556533.56
5636010280,284104.6
1732801300,854981.56
5561401530,521328.16
9578500510,376973.72
7304300906,313066.72
1223089077,596682.94
721049207,263586.22
8691330310,823274.4
1523069204,479386.28
3188100105,597391.25
6608500290,399906.2
2891400410,354931.56
7663700551,329905.3
5413200140,257741.14
425069139,627530.0
6713700155,374818.16
2767603505,486695.53
7789000080,252773.31
9211500620,230623.25
3750604417,191151.84
7922800320,558424.1
1471620240,380889.56
2222059052,370935.72
9551200270,1137548.0
2767603160,551588.4
9406710060,382548.12
8929000250,374049.34
5538300120,417455.47
2223069120,454081.56
1652500060,1520688.5
8564500240,428120.0
3629700120,651549.9
3943600070,408395.72
4171200025,297862.38
2425049063,2425988.0
9828701650,389342.84
3581000340,366349.25
8100900015,378644.8
2125059161,1266153.1
304000380,209373.08
8146200070,1419275.8
686530170,572270.06
2917200645,442275.72
9547200530,793010.75
2122059199,412041.06
1150000740,693266.4
5706200060,309705.16
9265410010,223024.53
4083800555,501170.88
6152900332,329357.7
2520900301,213298.89
9828200790,463010.62
1657530180,302371.6
7471900045,256294.73
9828200460,440648.06
1775900140,450020.12
6139800430,447528.38
7214400005,505629.34
5332200026,509134.53
9510970300,791074.06
2540830020,419846.62
3392100140,200274.45
1326069191,347877.4
2125059112,1123614.5
859000022,321157.6
8854100350,645083.9
121059007,207195.84
7977201707,499669.0
3859900060,1900402.4
8815400735,747559.5
705700530,346755.2
6600780130,363732.0
6378500105,411232.38
8143000310,469477.44
2877102330,650241.3
3526039074,618191.2
2115510300,240954.45
3024059014,1718366.0
2141330360,589572.25
546000400,508594.4
2071500011,427951.0
7972000240,216131.84
7016200460,437459.16
6204200180,447971.62
1552100135,1219037.1
88000173,451745.7
2581900235,816981.4
9211500560,231021.9
621069218,416769.7
1321970240,283595.12
798000630,292572.88
421000285,246057.67
2824600180,863340.6
3832051140,300972.8
1237500105,732975.2
8802400906,265842.12
3166900270,412118.88
3682000060,395894.88
5469700020,269988.62
1245001820,592883.06
9547205660,570648.2
7974700122,802879.06
7550801225,581260.44
1099950050,745083.25
1402900460,326578.06
7636800041,1207850.2
2115720270,243990.84
8651441750,215614.47
3904100035,267842.6
8815400020,605390.75
3303860590,477441.75
5427110040,1063233.5
1782000160,360580.44
6204420290,507509.56
3995700245,303504.1
7955040130,463165.62
1442880650,531017.1
8833510230,711883.4
7283900551,439757.66
4396000180,255234.42
7504021310,685827.6
322059264,273456.06
3654800040,272541.44
2767704777,518719.03
3278602190,336194.03
3236500220,504311.25
3410600100,287360.9
629410180,728811.8
3352402250,154351.44
4363700304,359623.66
7237550130,1343598.5
9808590210,1267040.9
8074200175,264217.44
3463400330,429177.56
6306400140,778687.06
8564950250,518194.94
5381000070,215066.16
9826700697,472208.0
8132700190,470395.28
7943000020,173489.33
9547204675,579978.0
4112100101,445465.3
727500030,661832.4
114101426,332832.88
9274202005,805116.44
1193000380,895369.0
3039000020,486695.06
7852170130,674786.1
2624079010,558277.2
4137010540,295747.38
7576200012,839427.2
1138020020,329268.5
3969300030,221652.44
898000200,205807.45
5153100030,333027.2
5104532030,524380.75
4406000050,231481.97
9274203390,597117.9
8682290360,445963.1
6928600330,234607.19
4139680070,921877.75
6844702690,491283.78
2154970020,1591043.9
4385701285,1164060.0
2426059071,637110.75
2867300160,507381.34
9512500720,524651.4
1773101020,291782.38
8687800100,301634.0
3627800050,1373349.4
1604600227,276273.2
3300701170,399933.25
9250900111,483750.62
7015200790,628215.6
1311100490,232833.19
2469000010,968080.44
1982201596,550836.1
1862700290,336188.56
2586800270,253294.55
9528102772,472953.44
5490210200,448947.62
6669080020,434978.5
179003055,230257.34
1860600535,927603.94
1592000130,599337.1
3905040170,551709.4
9320500080,262644.5
9276200850,493117.72
224069114,664657.2
2260000340,600673.25
5096300130,390801.1
3432500215,360599.0
2600000050,711271.25
8856003839,227675.27
2492200435,405563.56
7855900110,1046021.1
6806100250,319708.8
2770603523,517880.25
1370800515,1462275.6
2726049150,472557.6
1226059161,582701.8
1068000375,1495327.4
9528104109,464505.94
5126310060,498966.16
1951820070,545543.4
1545805980,420013.22
9464700340,920805.8
4319200675,854209.75
7518500885,555995.6
7852020620,499525.6
869700370,346389.97
8643000190,252560.3
8902000267,565602.94
7972602435,253959.47
2050100210,1011193.6
6705120540,500870.3
2767601390,599791.1
4141000490,1264504.8
9345400350,751746.75
3222079162,325433.0
7789000120,246697.25
6646200770,687375.6
6666800180,837634.3
1725800280,478551.3
6117500460,1060121.1
5470100220,234384.89
5457300478,434164.94
7550800195,581073.1
7787050180,575195.75
6204430250,499653.75
7640400250,506982.28
624110920,791336.6
3629920140,371892.06
7173700518,638475.0
3210200395,210467.95
2473480560,395840.12
2623089141,475308.78
1423800080,221352.47
2076400050,293270.16
3832060120,294950.25
7702600930,400151.5
5101404555,403705.5
3723800415,396608.3
3356403400,235756.44
9214400125,534918.6
1797500530,552071.44
9551201660,1146801.2
3878900815,339940.34
1760650280,327654.97
5466410030,243936.86
6388930620,578554.4
2331300395,804438.75
9412700160,278668.75
871001611,613864.94
3142600120,603592.7
3995700220,338005.6
2310000280,284715.7
8039900400,424873.44
7504021510,667189.9
1959700445,1345665.6
1556200155,565791.75
3629960590,372170.6
259000240,481760.34
662440020,410492.6
3123049142,591558.6
321100260,804928.4
6840701095,540888.2
3738900165,391550.94
4427100130,369897.5
9238500100,484460.7
6145601810,344949.7
2570300090,380875.4
4017600010,486408.28
1005000220,359105.12
1257202120,522116.78
9527000490,477410.78
8691400080,727171.25
1726069084,465730.66
248000240,209590.64
6113400046,367168.75
2130702350,379821.3
920069052,245832.03
6071300160,559902.9
1623049041,126088.125
9268200285,366994.06
1843100520,370256.06
2887700826,643952.3
9122000385,527139.5
9475700220,386075.38
2804600005,801255.1
2896400300,396687.38
5015000180,761694.8
3630220180,816878.5
8832900780,542857.06
1568100300,458784.4
8718500610,400462.62
4147200140,1176251.6
1973700030,1040799.0
8862000075,171227.56
9320990110,273280.88
1151100035,405546.94
2011000010,233821.39
1651500060,1047780.3
446000190,863241.8
2344300220,903068.1
523049195,199032.25
9191200015,641531.06
7942601410,768686.4
7137800300,204183.44
7853300280,537224.8
6654700240,325625.47
569000050,590151.6
3584000180,231585.73
2026079055,354318.06
8898700880,286207.0
5075400150,617108.56
8731981360,346778.0
4222500020,218016.94
7996720050,582737.4
4077800094,633273.8
6446200365,642438.44
2824089053,466523.7
1311800220,219731.06
3522049063,670467.1
1721801280,186843.14
6131600240,201823.67
7202310040,609237.06
1123059125,509877.0
646910160,237941.56
5630500005,369604.44
3342100785,284426.66
9547205610,639139.06
1773100123,287828.8
3353400092,293124.75
217500015,386960.44
3649100031,422499.6
7896300150,277462.16
623049185,274192.47
1773100430,321057.16
1781500220,725273.6
3395380200,216874.31
2424059170,1658585.0
4389200765,1526860.2
1543000060,479188.84
6154900005,646034.44
2902200240,493473.38
1442880640,530034.56
8562770490,555676.0
2768300655,568691.9
3432501315,302999.72
5035300570,778820.0
3626039028,406832.25
3876540780,225341.23
327000100,1008095.1
7551300065,444061.78
1312920060,251148.47
2215901230,264849.38
6306800010,454338.0
2767700022,491655.94
5589900610,577235.56
4320200020,715946.6
5249804655,656455.25
9238500480,522941.5
3885806565,1106061.5
7905200205,487157.56
5727500102,325808.44
3585220070,398582.7
2078500210,567372.25
1839920050,390798.12
534000080,329748.03
856000255,600108.7
4141010110,1432800.6
9558040820,604948.7
7768700315,1251168.0
2796100640,278430.72
1922059010,204198.62
3448000542,275014.8
3883100220,300948.4
7237301210,277171.78
3893100456,884611.06
9578501110,379922.75
6145601995,412418.84
4024100120,310771.16
8899000050,344409.62
3396820010,587683.8
6749700117,350622.56
1954400060,509468.22
3303970100,758710.0
2540850070,472857.38
3797000745,473890.28
7883603700,264034.3
3438501452,409709.6
3530210260,702835.25
3598600049,180706.03
731500170,369712.3
7129304375,171545.8
263000006,420226.38
7212660560,299030.44
1112700010,407856.25
3420069060,662100.0
2473000470,402377.5
8691390980,720851.4
6184700100,442997.56
4476400275,373763.0
2968801240,280878.5
1529300160,441502.4
7640400070,638785.6
7016100380,445429.22
2172000890,435982.7
4035900015,722234.5
9528104660,1123463.4
507100005,370953.75
2783100160,397515.62
3629921140,858445.75
1099750610,246331.9
1330300451,1156768.2
2757000030,862331.8
2114700190,353526.56
2050000020,971958.4
3832500790,275148.06
2612000390,320171.38
1483300430,434237.0
8899200720,293805.97
9183700470,298994.25
3530490031,212649.75
7857001225,323974.8
7920100083,387469.66
2254501620,409968.34
3303000130,436663.06
3876200070,383957.84
369000365,372920.25
3052700385,723639.6
7856550240,814511.4
7300410110,364772.06
7201800300,421662.3
1695900060,459275.12
9429500146,1042416.2
3629910240,691628.0
8805400090,250433.34
1022069050,253657.62
1138010530,364896.62
7877400266,178485.11
7974200452,1092908.6
2126049265,449186.16
9547204350,708068.0
5560000680,182009.08
3793500550,304382.1
4217401195,999063.1
1826049408,378812.4
3905100210,468818.84
7695370160,495082.7
3210400060,230709.27
6146600170,131655.88
2767601750,481147.38
1773100926,366599.12
5700002125,508253.06
1951100100,206122.52
1402200340,330303.53
8044200200,367762.75
66000070,315533.56
5083100065,193578.73
4027701284,380576.22
5693501100,544738.06
3600072,538427.06
8078550250,303940.6
1922059046,272669.34
2902200016,668322.1
9183700845,138898.52
3333001997,329604.66
1432400525,236540.61
2824059128,513943.16
6453550090,876040.2
6202600070,1188631.0
7524100280,228041.86
3524039224,823670.25
5739601300,547942.4
2473000410,388837.06
421059018,310349.4
4232901120,806438.94
5559600140,242841.97
3797310150,282742.56
7986400265,801679.4
3025300095,1920154.0
7524950830,574068.44
9407100730,262391.62
3812400854,361889.2
6002400030,354942.4
2212200090,229986.53
7202330610,525247.1
7300400170,317254.38
8965000110,450616.2
3996900125,302405.62
2221000100,290700.53
1524079088,317627.66
1133000036,374483.0
1868901190,635978.56
4037200530,470446.88
2095500120,327859.38
1995200338,823465.25
8820902350,767114.9
7459810210,351682.47
9536600010,497718.12
8085400586,1636839.0
7518503065,337885.38
8682320350,669423.75
3179100790,740316.5
9828702666,452100.38
6713700250,531667.75
2141330700,667659.6
7519001990,380663.7
3223069019,316995.5
7994700030,386899.53
2592300450,305868.47
2792000010,419959.94
173000025,369684.12
7203150330,671101.75
3305100210,885434.8
2581300055,964042.4
6613000750,1444655.4
7015200685,689016.4
1323089184,465127.0
3793500510,412113.38
2225079030,263575.4
3578400710,388335.7
8100000090,270391.38
2095500040,315488.12
8682281710,700443.06
6163901380,306798.66
6918720080,612874.6
6914700130,488537.97
1205000215,497478.0
3800008,280173.0
6150200180,296072.47
1223089066,780813.8
7768800290,798298.8
9285800330,843303.5
1974300020,519730.2
7628700050,847478.2
9376301800,652844.2
8651430220,189536.44
629810350,821075.8
5016002180,919314.1
9558010230,341282.25
8732000390,232887.81
7899800586,310312.12
5249802460,393728.75
1446300020,542161.75
7785380150,494514.06
1245500950,657896.75
3362400640,624070.3
7578200310,740787.56
4137020910,281964.1
11520640,778007.1
7972601995,262978.84
8122100160,415287.38
9456200450,307701.44
1328320760,348177.12
4025300285,340749.53
2721600125,1042084.2
1123049027,217947.3
3542300060,223489.75
291310340,540316.94
8651720420,441444.3
3298200790,354551.3
4037200585,439597.9
1329000090,1428084.8
9279700013,1245217.4
4151800265,464844.97
7760400210,251886.3
5029450110,210715.6
9492500160,880404.6
3578400270,438400.53
7606200090,287045.1
3682000050,360429.84
1250200415,341723.53
629811600,682639.4
1839500115,306826.75
1176001293,1256180.0
3013300409,375194.75
7853280370,757429.7
3275780030,661912.5
3336001946,238085.92
5456000110,736872.06
2473250400,301834.28
5393601635,508557.06
8820902905,346607.06
1245001659,727891.44
1523069215,446746.75
930000234,494699.44
4083301645,703849.44
4055700778,646364.75
2781230080,438573.25
3629910210,690880.44
7856700060,642048.9
7589700055,476577.4
3888100043,367347.72
6381501636,381839.2
3303951150,380834.0
8638500170,330068.94
5635100050,428757.4
8820901792,847863.75
5456000025,1314290.2
985001275,150668.34
9560500105,686268.6
1421069117,242000.9
4154300296,309918.2
795000620,142784.08
9828702335,494917.94
1250202145,1027824.1
1163400070,242713.7
5652600065,600843.44
1042700050,821500.4
8899210320,348782.97
1651800030,1621273.6
2919201365,790791.25
4365200895,363679.97
6841700100,790148.94
7376300060,452723.0
7852090180,526623.44
9222400565,565456.25
9542400075,817994.9
7338000150,179381.52
4322500110,624550.75
7694200070,402122.4
9321010130,258441.39
3204300455,1309966.8
6706000040,295603.56
1565930130,447379.03
3279000420,216094.12
194000575,493293.62
2115510160,235420.77
7522500005,594307.94
3787000140,476277.1
7852110690,648545.6
5469700260,369307.06
8691410730,706390.6
114100763,274096.0
1257202430,919327.3
7000100635,455955.3
1900000195,184070.81
251500330,1739420.9
7701960210,830086.0
4037000065,436094.16
522059299,263650.56
6072300800,648553.06
6821102358,536014.0
5029450200,213831.9
8860310240,582051.44
826000295,373286.38
9417400110,389154.25
3959400345,695634.06
8899000430,325354.5
7527200030,704727.94
8562720410,1261736.5
1432400335,216694.66
6699940320,365076.56
2525059172,706840.75
7548301044,383413.75
2141300420,816045.4
5100401414,425858.78
7346600092,237941.56
6852700478,488856.75
87000213,240356.81
5416500260,303139.03
322059097,272464.25
7229900005,337064.7
7116000350,143209.42
3739500096,351880.06
6744700900,683004.0
1959700550,1005012.8
5589300435,359771.84
1775920350,342501.38
3750607974,319082.84
5318100935,783008.4
1442700430,479091.97
9346700030,669928.94
1841500050,327831.25
7278100665,330359.62
8635750980,625391.75
6909700340,669838.9
7011201475,780272.6
9348500220,538461.5
3876313170,433721.3
2195700050,901425.5
3760100200,432929.94
3396800120,514240.78
3750603685,268097.12
9828702310,572184.94
8656300380,365052.2
1438000170,556828.75
2423069164,483450.38
2112700845,312046.4
7635801370,520998.12
8572900135,390009.53
7504010590,777955.2
6821100125,457615.5
4310702775,289363.47
2591010180,426713.3
9828700235,646809.4
9376301180,481735.53
1646502355,1183983.5
1498301672,455843.6
7715600070,357566.3
7283900045,470777.66
522069119,517696.53
5200100125,593708.0
826069184,503649.44
3271300155,800537.94
4444800045,674171.2
8682291050,757062.1
2770605420,486456.53
1556200205,519727.72
269000970,1183357.0
9264900880,257294.16
2323059074,220391.31
1224059053,1117171.5
3755500065,436536.47
2571900430,361948.9
3705000070,298647.12
824069173,598881.75
1735800050,133906.42
3025059089,911559.94
6132600655,885531.1
1068000255,1480856.4
3052700921,614761.25
3024089057,323620.62
7390400026,274741.38
1787600224,396921.62
2923049372,317768.25
7015201015,1010316.44
7701990040,859106.7
1925059194,1245502.5
301401370,335605.88
1931300955,452882.75
2395710070,375859.8
2591820070,387591.62
7883604065,264663.56
808300200,542383.06
1421069159,487670.28
8562780540,327411.62
2787720300,358298.16
2349300069,294123.03
739000035,192874.25
2397101460,637322.2
7625702437,388419.0
5101406441,445682.9
3323500010,1244607.1
225039082,795161.5
8078100260,356926.8
4139480200,1405315.6
7436300160,488196.1
822039004,700302.1
8651442910,238646.5
1370803510,765277.1
3342100569,653513.8
1310430400,501621.3
104540820,238360.6
4305500030,601429.3
993000090,706049.8
8044050040,432482.2
5707500050,746326.4
6306800080,363682.06
9206700190,776145.5
8732040090,299405.12
3037200045,384707.03
438000025,610826.5
239000115,337553.0
8929000230,485405.03
7135520610,1129776.8
5561300340,510081.28
9530100085,680820.25
6613000140,1507981.2
8835210130,326058.97
3782400190,350693.12
379000051,281197.44
3869900150,328552.38
4322200050,462136.72
8961980290,698999.0
2558670110,458286.3
1124000010,434507.5
3869900138,476823.38
7853300720,484820.25
251300110,297117.06
3904100041,300442.84
7701990300,827666.4
8682231190,563266.75
7888200240,224072.16
2025700730,288566.5
3066410800,708343.6
7576200040,737933.25
2526069095,1080445.8
2781270530,182355.88
3763300005,470102.9
1523049083,198112.66
923049468,190165.44
3303700221,677857.56
1502400140,221604.03
2880100160,1017616.25
4083304535,893689.25
8820902549,581121.9
4139400060,849734.5
1222069094,347586.25
9367200205,598698.5
2734100736,304206.53
3856904580,677917.7
3812400789,366795.7
3303980090,1053118.9
1314300018,303705.03
9522400350,543381.25
7524350080,357098.4
9406520260,333540.5
3278602040,362454.94
7696620100,232290.69
3751600635,243017.81
6365900065,411685.56
8732800100,261763.78
3876540410,231054.75
7349660050,260078.69
1036700220,687677.2
5417600200,326188.38
8732020310,276473.5
6844703240,940331.0
923059206,340387.72
4038700220,579282.06
2597520900,748147.9
7203230040,980711.7
8820903560,318636.12
424069112,720900.25
6056100102,494831.56
1823069155,454237.5
9412400220,1789812.8
6851700381,1034868.44
13001215,279260.97
3630180340,771672.9
6746701090,548116.44
3832050760,275757.78
369000690,503507.75
6071900130,553205.1
7266200085,635837.25
1473120390,428513.78
9523100458,558046.7
4345000510,271704.0
6600220090,433335.56
8079040320,393603.34
1357900060,449124.47
3996900295,308812.38
1442700250,490762.12
5021900175,605908.9
4365700130,287175.44
3876100320,489078.25
2124069103,415624.2
6700400140,264973.44
7852090810,511947.78
1454600038,845928.6
4137000250,301785.9
9826700726,534898.75
6716700325,501636.6
8562750300,593684.8
9315600050,1607541.9
2790410250,650397.0
7732410130,723309.8
1387301730,340814.53
1568100220,345186.3
3975400085,766108.9
339600110,453506.0
7888400500,216549.44
1842390130,680638.5
7595700025,376698.06
2158900140,763044.2
6151800070,379589.2
9294300515,738023.4
1250202660,799666.56
9106000005,1014641.25
5035300085,718474.0
8898700440,284535.44
723049197,199998.84
2019200220,211516.7
2926049408,638245.5
4233600190,931004.5
9268851860,447671.8
5458800620,680278.3
424069096,462722.8
8150100265,257091.81
2742100085,361194.1
8045600130,402223.66
8039900086,295366.0
4131500190,375093.5
1370802650,705701.1
821049149,255677.33
5104520460,364222.12
5466750140,247830.08
1703900155,312084.78
8658303065,303373.3
3298720030,419501.62
1839900080,334466.5
1561600025,881214.4
6064800410,323703.34
621069102,251921.14
7853360620,410991.25
9385200045,645116.5
7214770020,630785.06
5412300100,230555.53
2025701360,275991.66
7334602070,298926.38
8029200190,211015.02
2622049052,543825.56
3126049261,318545.9
4443800705,470643.44
2473420100,300970.5
7922710520,540859.8
3336001911,293772.34
3797000300,456800.12
5406500480,641087.6
6706600090,447289.03
1518000230,334154.38
1250202990,815115.94
6441800060,825626.1
2141500070,459082.03
9407101900,267328.88
5451300117,1469307.0
326069132,477590.66
7153400100,243078.31
3083000910,452705.72
3021059304,313195.72
2597530650,797448.1
3972900215,314423.03
2473420070,308973.22
6115400008,478584.62
8682220230,798100.1
642150080,579413.56
3775300030,329710.94
5418200340,688135.75
2424059119,996193.7
7899800476,239393.03
8598200070,265849.47
2421059125,519472.0
9528102771,530397.6
7522500020,604283.25
7202340720,620807.9
3286800260,580214.8
1121059105,456500.94
7504030220,651916.56
4045100190,1745872.5
9406530090,363561.03
7138000260,256767.14
2600010390,697373.7
2917200365,427360.44
2191600780,220148.06
7784000180,482943.03
6149700194,329605.28
8082400136,694383.3
7202340930,650689.8
1972200556,595229.1
2767604170,465506.84
3271301175,583478.1
3223059303,528553.0
7598100735,1120441.8
3348401490,310619.75
1545803390,277882.4
2296700050,504447.88
3626500045,704783.75
1596600060,295534.78
3616600250,1357104.8
8078560140,285543.4
1796360350,244764.36
2770601763,476337.5
3223069118,713720.2
2473372040,351588.9
3575302759,408204.16
5706200170,486177.8
1774000030,445240.22
2224700136,353739.72
1250200418,335625.72
5416500840,365283.78
7335400345,151516.62
3776300010,969889.9
8857320130,492102.97
424069206,746040.3
3592500985,1121802.9
9828701295,366047.16
2621750340,307478.5
7334401000,245010.75
3286800110,560899.56
1722069097,452696.22
3574770030,566310.5
1336300610,1088146.5
7230900100,342401.75
6141100320,365448.94
2767602356,733076.56
476000017,472580.12
2558600100,438601.25
3500100015,293105.2
4074300150,417225.4
8907500070,2061956.8
4388000260,187813.22
2475900850,236718.44
7852010900,516193.4
318500300,676171.75
9200000050,160944.8
1026069106,432382.8
205000120,660903.3
2616800600,825553.7
921049141,718500.7
2023069059,760793.9
7229900145,437417.44
4376800010,547717.75
4389201095,1817921.9
826069127,475957.44
2310000250,281682.72
4058801225,340422.12
6600220550,460183.12
3585300194,1165411.9
2594200375,417127.94
1102000514,903956.5
1862400471,409027.94
6928000440,305606.94
9578060470,519997.9
8732020670,257598.86
1823069088,329842.06
8712100350,1115170.2
3420069055,323762.0
4229900140,295470.53
8682280490,427228.0
3830630310,255565.69
5100400251,393550.03
1737100830,597611.75
1630700276,452168.1
6326000205,429589.5
3426049284,2112566.5
3814900260,404365.94
7403200050,1413272.1
1725059252,722314.44
8899200570,319232.9
4137000700,277120.5
1115300270,687428.0
3904920380,600690.44
2695600195,371214.94
9542100135,818067.44
1552510160,405329.25
1823059241,684719.94
2193320450,606403.1
1122069006,558222.9
7853340330,395427.34
1954420380,494936.8
7299600530,274652.56
1760650670,271879.22
6819100080,509737.94
2767704649,485004.3
2424059035,896656.75
1566100400,373165.38
5255690060,480931.75
8860500130,421772.94
7349650120,306603.56
3291800670,481655.6
3764650010,492843.16
5416500950,414956.44
7973202712,185715.06
3291800120,238718.67
9211500620,230623.25
8643200020,346442.5
9197100101,187222.17
3531900060,330294.72
8842400071,403829.5
6844701680,485677.78
6413600285,434994.7
5196410260,966815.5
824069121,698386.6
3876313120,417160.16
269000030,1073924.6
1560930070,715449.1
4435000705,202848.5
9542400025,804890.75
2470200020,1493123.0
7519000580,528494.56
1226059101,550494.75
4449800063,387015.06
2815600305,672665.8
3821200050,213192.12
2644900110,394274.3
8058500005,376068.47
1099760230,225570.0
1954430180,511667.62
7853360480,492739.3
7229100040,321189.16
1432400120,195394.36
1898200080,345477.12
4054520100,846841.56
2568200140,754630.75
587550010,643719.0
4154303215,832032.56
6358900070,835482.6
3277801640,482857.8
6209000165,308800.6
6143000020,280588.28
2591780180,407042.2
5412400170,239098.7
5466350120,261641.73
2877104196,731201.8
3222059007,344187.66
7957600025,248169.72
2698200210,254232.56
3764500230,580925.1
414100630,353148.16
8029740060,337426.5
1426049054,371677.2
546001060,695410.5
3277801417,411313.16
3630120970,762268.9
2326059080,1048655.0
3278612370,365067.2
4024700100,319265.78
7697870860,234289.9
8562900240,683723.5
4059400585,201794.03
5703000050,466366.22
7701990560,826279.9
1760650610,318354.56
5408100035,405882.0
1370800560,1171630.1
2880100240,510995.66
3630060150,513604.6
6071700020,518280.44
2473002500,417144.66
2768300650,491011.66
3523089019,790620.75
2787250190,522248.75
9477940440,428251.9
8732030440,287443.94
236500050,309317.88
993000100,723995.8
5466700360,247119.22
7203220300,913773.4
8682292180,414802.5
5209200010,480438.5
7853360990,406275.5
8663310010,436469.03
2313900165,545703.6
6114600030,614095.6
3303990030,871217.06
6679000960,347847.53
8161000230,536279.9
9510860060,737820.0
1223089083,760057.06
2721049059,309124.12
2523039278,272911.8
9826700707,498223.88
2159900120,477963.84
2767600635,604981.56
3812400455,387464.88
7852030960,441462.0
319500080,699753.4
1061500360,288782.34
1787600209,404049.88
7888700030,519264.0
3623500260,1033225.5
4219400520,1416455.1
518500460,1435061.1
2500600297,275124.97
7283900010,289783.22
9225900055,324142.3
4036800925,413996.3
7967900150,372486.62
1782000130,409448.7
3163600015,117826.97
254000075,406026.44
1424059022,1059511.6
2768200090,703558.8
4319200505,492336.28
1592000780,646534.94
1687910100,599191.44
5200100115,571511.44
3751600176,201707.06
5608010650,916286.56
2051200506,296752.88
2781280310,298493.94
1023059190,279660.2
2787310130,274783.3
4358700100,428066.12
3121069036,532400.94
1959700225,664172.5
3205500230,373614.4
7974200937,527842.75
6819100111,1013923.5
6146600175,141450.69
1525069095,823115.8
1231000510,387827.16
4122700040,1057058.1
2426039314,299128.0
2013200390,265565.9
1854900330,716663.94
1923300135,571794.94
582000135,573366.5
587800130,293957.6
7840800135,216041.38
6116500366,374797.78
6392002635,652118.0
5361700020,334352.0
106000395,414432.0
7199330390,371142.0
2484700155,675607.75
4038300070,469945.12
9407101850,331376.28
293610040,597243.1
7202360760,833128.25
5608010750,1161114.1
7236500025,313251.28
9144300120,331013.38
1454100267,434336.8
1377800135,608453.8
7967700570,237379.47
1562100220,584253.75
2923039243,390246.53
868002080,797937.25
7137960460,274695.28
1023089096,317762.47
3262300818,1676963.2
8563050110,560042.75
7137300245,404535.7
4365200630,443555.56
4100500070,1595852.0
3821400200,243152.75
5379803386,251418.55
4237901075,590547.44
8118600155,397363.25
8946780080,859508.25
1428000970,394228.06
7011201004,697510.06
2799800180,354535.44
522059130,252528.03
4315701163,582831.9
3649100387,434748.75
2125410210,472835.28
3224900130,221668.08
6798100661,302107.0
3626039325,914149.0
8730000270,351051.84
6065301040,850499.0
1665400165,225422.05
2203500140,412168.0
4058800875,357311.66
5076700025,446609.16
7853420110,573420.06
7818700480,309368.9
8658303080,327881.25
3187600100,568355.1
4077800518,351922.38
2470100110,2064654.5
3451000206,327211.53
1843200350,180859.81
7904700126,413953.25
9430000070,271678.34
6003500749,654782.1
7701990700,805428.25
1310820150,332327.94
3975400190,613489.2
4100000050,624537.06
7202270700,579794.94
7370600020,696716.25
126059225,479385.38
106000015,420245.2
4458800060,1104700.6
8944290090,244283.5
8682250330,685301.4
9834200390,473866.34
3275880100,713018.06
7227501190,224490.75
1796100010,643795.1
3831200210,286876.25
2521039066,276630.7
7701800050,420339.38
3904960910,658248.8
5647900670,261592.34
7234600796,535509.7
3021059244,227518.55
7787400030,1674034.2
2051200436,633600.0
8820901415,346185.56
3523069047,829119.2
9194101388,444647.88
7277100610,383833.75
9471200370,1853959.4
2767800140,688491.56
3629870110,541144.1
9136102057,653851.7
8648900060,525138.44
3678900110,400599.75
2767600150,499176.5
1972201511,655405.0
6055000430,546053.5
6624030050,403599.66
2215450150,332715.12
2767603824,459383.34
3585900460,759812.1
2922069134,439271.44
9267200062,361166.53
7228500425,557412.1
1089000190,819964.7
3359500960,487001.5
5152100160,408311.62
7230300060,351143.25
2423059067,468025.03
8016250060,255376.12
2524059267,1063730.5
1438000440,493100.3
3326069026,655857.06
9353300600,293089.25
8691410060,717107.0
6332940070,493102.22
1310980110,299638.78
7428000120,229998.6
3626079040,697308.5
2722049077,295720.3
984220290,293003.72
5347200160,290163.2
4154303655,495525.75
2953000250,266235.38
9523102447,691322.06
5104511840,421380.53
3448740250,440542.62
4219400290,1211509.6
5152100060,447916.1
3279000460,211906.78
1102001274,977283.3
1251200155,1195304.9
2025700740,267685.03
3820350050,357901.66
1245000438,720452.1
7853230200,468089.3
3832200070,250044.11
2926049400,485474.47
1246700251,867993.5
6372000155,570599.25
7950300670,386447.44
7518504130,570720.06
9286100200,444235.03
3992700585,452178.0
7234600786,657323.56
5476800069,366473.62
1126059201,1248585.0
9527000090,489383.38
402000115,292557.53
8818400450,1107482.2
2475900840,239744.2
1437500015,169705.27
2848700095,396393.2
1529300135,340705.34
2597520090,799254.9
7812801125,208605.55
3343903647,425261.38
1951600250,154978.9
9542840590,267189.97
8081010040,1164430.9
3262301355,1419576.2
1861400068,489997.5
3295900490,423865.3
4345000440,245860.64
4219400465,1076654.4
3797700030,264676.7
3204300860,784522.0
1930301555,557588.1
8807300130,325326.88
4391600035,284363.72
5021900140,1569660.9
2946000590,269519.12
686400210,554563.2
3365900462,232417.44
8682262170,414881.25
7312400325,357101.12
3760100100,402400.94
3579000410,458641.78
1773100755,510969.8
7129300175,346558.5
6303400965,270662.0
1328320440,335919.06
3686900025,222077.52
1221039066,379766.62
7950304095,352621.5
3585900785,971196.75
9455200329,507260.38
629410130,764937.9
1994200375,588507.7
6669200370,970808.75
7262200150,253316.53
7504010750,576500.56
5253300173,306765.6
3395040200,292277.56
322069109,428147.38
4054510270,1054602.2
1710400005,587059.8
8644300170,660939.25
2450000290,1148980.8
6102400166,633436.9
1934800087,445773.44
3333000775,272674.8
5393600509,302946.84
621069039,353032.0
3343903611,628726.9
2954400020,1158229.9
7972000010,176969.0
7214810510,459980.44
5561300540,485762.1
2634500070,415378.5
6822100310,710005.3
9201000100,691227.1
1072100085,345873.7
6190701146,414332.44
3277800845,261137.44
112900020,350064.94
1324059048,647868.1
7979900126,395570.7
7199330370,406380.5
6381500720,411510.5
8078550190,294799.8
7853440140,674026.5
6300000396,357686.7
3374500250,375457.84
3343901188,260430.38
6979900010,807307.7
7199340320,554767.4
1112000125,368439.22
9269200150,363418.56
5104510210,291593.22
925059219,629525.44
100600320,200564.6
1789900080,255994.27
2123049142,321475.7
2459900040,546717.8
3902300450,602027.25
7250000065,312799.9
7823700005,287994.1
3750605247,220467.83
2771601730,537265.8
3298600440,403729.78
9141100005,594534.7
8682262190,415810.9
9407111250,247502.0
1336800010,1491931.5
2255500060,581391.25
7950302345,358448.88
8658303585,252568.0
9184700600,1287119.1
8068000440,289806.2
1310000130,301821.6
7853221330,655200.0
1222029077,397945.0
8562891100,345060.25
2517000260,372505.1
2225300149,357173.34
8651410330,172479.03
2413910050,577202.5
9407100720,296449.1
2112700920,333263.88
3761700251,786823.75
1036400100,669825.44
3585300365,643314.5
8562750060,828943.7
2719100042,547303.1
952007055,452866.34
925049318,608991.94
7203220260,1014405.2
9320990140,277421.16
8567450140,526928.4
5379800810,161193.03
7784000100,542539.3
3992700475,405988.47
7905380280,413629.28
943100683,357717.06
8029770470,530645.5
2818600060,962813.94
1226039124,432318.06
726049184,279186.4
795001930,236606.94
339350150,730695.75
1332700270,296795.9
7548300170,551350.1
6141100330,402539.1
647100096,751202.8
6744700423,531523.75
2895800750,283179.2
4046600220,347576.28
8809200070,375420.25
293700110,831476.5
4178500440,253692.47
4358700164,255047.8
9197100263,260845.73
2426039313,300026.8
9468200163,632618.9
475000190,501070.03
7504180170,447872.1
4036800170,472508.03
2561330040,445907.8
4123400340,505267.34
524069115,856305.94
4047200850,315244.53
8651440230,239752.2
3905030140,560728.44
510000641,696052.1
8663370020,426428.56
2883200760,646658.9
1980200384,836857.4
9468200140,482986.78
1796370150,279389.62
9238900085,627873.6
9191201325,549371.4
2538400060,964758.8
3758900037,923715.3
2472920800,394145.0
321030150,339093.3
2571910100,329115.6
1423910670,278065.6
1118500030,827286.0
1939000010,665032.56
1776460190,444485.47
7504400290,613055.25
3448700070,422261.12
7518501025,560459.5
923059252,514958.25
1431700210,249219.2
8635760480,572365.6
9175600025,983927.75
7922720250,528582.75
8944360390,498914.75
8948500065,221591.34
8669160310,268836.53
6117502745,519834.78
1789800020,319328.8
226039186,313075.38
6457000080,249918.95
9557300080,563453.75
8562790480,684080.94
6430500008,495294.25
1604590230,759510.0
9542850290,758148.0
7831800395,283454.8
3317500030,1164309.9
624101110,763412.5
3654200039,368512.3
7856000150,804059.9
4338800685,281044.88
3211230300,425536.84
3904910650,565740.5
3598600088,266358.28
3796000400,351402.53
7972601280,401224.5
1450300050,266160.22
7504050090,792239.75
9202650130,554662.6
2419600075,354275.2
1224049005,884295.6
7129303240,339287.75
1922059135,192869.28
7852020250,627153.06
4139910180,1555814.1
4222300040,271139.44
1024069027,1035030.25
8944600620,525309.75
5040800060,830042.5
1036400200,610215.1
7899800915,211014.81
3325069025,497746.6
9408300310,592052.5
1773100604,357140.62
5451100490,881871.8
9536602080,182533.88
9828702055,409863.56
3362401758,502733.8
476000333,441537.78
4364700730,335425.75
5559200020,257914.0
7522600110,261400.31
104510440,231049.45
8820901275,517606.2
3298700125,255912.25
323089172,441914.8
5364200477,631476.6
2222900082,401420.47
6641800020,613800.5
9358001422,303728.5
3438501150,288236.44
2206500430,472257.53
9272201318,570369.1
585000095,591510.7
7708210050,515122.8
9407000840,289831.06
4027701265,455059.16
8644210050,765897.75
8656800020,377051.38
3329520170,210551.67
5104520720,321424.47
3806000005,162465.66
2330000015,705670.2
1447600410,266154.9
8641500252,375231.25
6084600420,272841.8
441000115,450838.88
2597490030,699631.25
650000030,808236.75
3585210200,392651.44
5416501030,420464.88
5406500170,642306.7
2916200065,422926.9
3330501975,493735.12
1774220070,568091.8
8731730710,211774.25
7861500150,460418.44
1402630190,373484.0
9117000230,295115.4
7133300380,630466.9
4232400470,715233.5
1773100972,322914.62
9413400165,241929.83
7658600025,414197.7
6909700040,934746.4
1402900380,294710.4
6625910100,493688.97
3204900010,581033.2
5162100820,301094.53
5560000480,157054.66
1704900303,490813.62
8084900170,1719056.0
2887700091,670802.9
4331400190,290688.62
3762900130,391354.56
52000067,575199.0
5430300120,911141.9
8956000460,653726.4
8856950310,269246.8
3364900156,299969.3
9310300211,304739.94
6448000020,1547443.2
123039570,446498.88
7600065,563676.75
3123039171,524586.4
8964800445,1554403.8
7857000732,388064.7
7525410090,574604.7
9541600350,748112.9
3186600515,800657.06
4123820450,325132.72
2505500030,1069656.1
1541700240,326375.7
6629300120,355997.06
7399800150,501496.47
9517200180,354650.4
1313300340,483120.38
7967650010,384672.2
8807810090,373604.06
8815400670,822853.7
2310030500,300456.03
2241700075,310524.66
2287400030,306922.44
2827100075,271126.0
1310700390,302235.22
5498100010,446404.75
723000114,1385766.5
6431000987,449588.16
3356407665,219630.5
7852110050,527965.1
8677900123,460767.2
1917300260,212781.4
3396800280,582099.75
8691420050,855131.6
9368700006,276859.25
339600290,352124.47
1592000250,590333.44
1471701780,351666.38
8928100205,613664.75
5029450100,210990.27
5493110080,1793756.6
7883603750,315414.12
1732800175,862751.3
1518000290,322182.22
8604900017,592835.0
5379805160,309056.94
1254200835,604695.44
3179100482,463569.53
3313600266,195435.92
976000879,632231.06
8819900220,685210.5
2130701535,292694.84
1176001124,567391.7
7893805650,332413.53
3885806840,834568.44
3625600190,1242091.0
8562790150,826093.1
7348200115,216037.05
955000453,486831.06
6817810310,393301.66
4040400340,474099.56
1644500050,675282.44
8029500100,324814.44
5244801230,737260.75
1115100119,383579.78
9542400010,834347.2
423059387,565395.8
4023500990,342471.62
7899800857,245845.17
2976800796,226556.55
1074100020,331121.66
446000010,562270.6
7942601200,420856.44
3575305495,768544.94
8691310040,761863.4
6117500430,719032.6
3924500130,499214.12
2028701075,511234.5
4330600360,263175.03
1324079082,431465.06
9268200484,806528.1
9828701605,591315.56
7518506715,1000840.7
5315100277,1444094.8
3942900115,341247.1
1561930020,485646.75
9510970090,671845.2
6163900821,345677.5
9510300220,539954.3
3869900146,308111.38
9262800208,735361.4
2522029039,655669.44
6865200095,707340.5
3782760040,490013.38
4237901250,556398.75
2891000610,223245.62
2749600095,512992.7
5422810010,365710.1
3629980350,740797.44
2459500070,285929.0
5113400364,650854.25
7533800885,751302.4
629410190,733751.5
8651431100,193054.95
7960100050,565959.06
1842200040,425698.8
425200205,249506.48
9477201470,360237.06
7905200365,501025.6
6381500635,295105.0
6052400175,372654.3
1236300268,473532.94
6072800265,1272229.2
3423049311,222048.7
3755100540,385626.8
7852150120,368074.7
4180300050,423452.38
7625701935,367039.9
7132300550,394302.9
3025059093,2104780.0
8161000220,436231.0
7852011020,523362.1
2599200160,348185.75
5536500020,550050.8
2095600150,268428.94
8910500226,354626.72
1681400010,786363.1
1424069110,714495.9
5127001620,322867.2
7940710070,418118.88
2413300980,286607.97
7853400250,583753.06
9542801310,287555.8
1890000169,535710.94
2720000120,293439.7
9424400105,510928.4
7888780090,276878.25
3501100280,346414.75
3905100220,484038.56
723000150,917999.1
8691310980,730416.4
2297400250,484135.53
2892600056,256465.89
5273200080,553592.5
5145100460,468401.88
5561401260,577205.8
7732650040,956448.0
7504101280,871355.0
8581400345,260454.72
7129302800,410750.66
9551201560,593238.25
1546600020,595659.56
2648000071,264251.94
3339900640,233997.17
7853301240,453409.56
943100262,300656.1
7202430150,860479.3
3558000120,336990.1
3890600150,449985.38
7452500315,278335.7
7173700591,646755.06
438000015,661813.44
928000020,385760.34
3830700010,401691.22
3845100640,403911.94
6675500112,348700.47
1773100920,351977.4
9485940330,395614.8
5561000600,468137.06
1786830090,602139.25
2011000020,251638.52
8024200681,397362.5
5452301810,1671617.4
5515600075,339819.12
357000135,1222815.5
2541100010,592817.5
1090000036,682684.25
3459100300,430523.8
2450000295,1191382.0
162500015,391664.47
2592210290,798583.6
5101405265,516199.3
1122069019,740672.4
7501000220,863087.06
1310900140,315580.53
3298700941,231304.98
1972200382,432028.3
5100402764,451898.22
2623069069,633185.06
6372000280,528823.8
4305600240,484945.56
2767602094,560659.44
2500600289,157421.28
7203160090,866365.1
3521069146,512114.78
824059321,1650847.8
9348700610,822314.0
7228501745,539691.75
6021503656,449408.1
5437400630,561067.06
2207100740,434719.72
7202000220,408518.03
629811340,701412.3
1324079029,295457.84
418000010,188670.78
6303400290,208992.05
4139910030,1251581.0
3023039066,370429.84
8698600395,193949.23
2799800710,329864.72
7351200050,961772.3
8564860270,488745.8
2591830020,414635.62
4139420430,1404096.5
9828201725,487988.03
2420069604,255309.16
7224000315,198947.81
3861470120,1727322.1
3222069151,274592.84
3869900155,345605.62
123039346,302791.75
305010050,652740.9
2141340040,682869.9
7504021310,685827.6
2436700315,544385.44
8732750100,353387.38
3298201290,320443.22
9241900150,1030550.75
1180005220,208212.0
5540000050,295799.0
9211520400,246183.72
2623029078,466696.8
7132300695,403211.1
6430500219,413173.53
6084200100,376831.75
7140200280,274461.7
3904910610,612726.1
7625701900,463168.72
9432900560,331906.7
1388600110,233882.28
9126101201,329900.25
4224100030,392637.94
1109000390,587056.44
3336000296,271686.62
7504100590,744667.0
2025701060,257190.14
7527410080,614753.6
7304301045,272954.5
2591840050,425674.03
2767602490,436304.22
5494000040,1107807.6
2473251090,285350.7
3825500080,468732.12
2309710150,366486.94
8901001335,668605.8
1781500435,372239.44
8835220200,331469.84
4037500335,530169.5
1338300180,1567455.9
7968000120,267522.97
686050100,1011338.3
1180008315,233567.31
1657300280,420888.94
7856600170,720591.6
4154303125,613477.5
3295730050,617251.56
1777500090,657311.6
203600470,623882.9
6673050020,374454.44
8731980680,271446.28
2273600260,514474.25
1000102,293042.28
4197400005,497584.75
3378100100,260203.72
7856620210,756601.6
9275700765,919373.75
1246700136,406420.8
4239400740,145163.94
3306300630,190797.23
2524049056,1063354.2
2023049245,241791.66
3210400340,286902.78
2621760350,306848.12
526059183,421725.06
8078460050,654006.4
7504110050,680151.8
3876312840,417566.94
9268850350,312378.38
8085400490,1155869.5
2722059185,495996.2
3644100101,341344.1
1321700030,629594.5
5608000630,1361491.5
825059349,1438471.6
6083000071,211241.12
9164100105,497028.9
1425059145,446522.28
5210200184,534246.2
9477201370,446552.5
2927600630,770036.5
2619920170,836798.4
1560930450,584959.0
2896000510,563419.3
3034200067,620240.3
4025300360,342679.1
3362401295,497021.8
2391600555,439693.94
7550801170,497045.97
5347200175,270246.5
8910500471,397970.03
7199340560,456125.38
9266700175,404330.1
808300270,455064.38
2487200875,504881.5
8728100781,299241.28
5379804888,249743.83
6619510060,441907.22
5416500680,423738.0
1862400087,442858.16
2126049277,417452.7
4137000070,296927.84
8081500060,1952295.9
686800065,975451.8
5561100180,580960.06
798000342,319900.34
5603700095,567898.94
7151700585,1478533.6
8129700565,605678.94
2782100260,651140.5
7011201106,375405.56
2423069084,519456.16
8141300300,311351.4
6601200040,282600.25
290200230,657968.25
1423900220,244806.38
7303200450,226098.97
3755100220,377390.25
796000235,236068.94
7237501040,1112921.1
7203220400,923489.8
9285800275,769692.1
2061100435,504941.7
6414100025,555503.8
5317100750,2183177.8
6145601000,405614.62
5634500775,478040.88
7375300160,577381.44
9558050360,497786.47
4151800420,465177.56
3751600146,203443.08
5302400080,582985.3
357000005,633790.4
7283900306,449413.7
3738900105,317106.16
6822100305,626169.4
7436000205,521936.06
3295730040,580352.0
1526300015,412416.1
3294700101,272836.62
8864000970,230623.92
5469502700,382178.75
8078520310,238029.84
6154900130,316956.2
8945200830,195107.6
1085623630,414169.66
4013800131,233908.81
2287000010,700132.5
546000930,639961.25
4051100390,228155.19
7203100120,663702.0
7523850150,317151.22
3826000665,261825.2
1311800560,217098.84
2877102180,504269.44
3221059044,768289.2
9169600110,560481.44
9510920040,745182.06
8813400155,835726.5
3896100130,1097352.5
2568200740,722619.6
1217000340,316962.25
6430500086,411828.12
5634500234,516102.8
825049073,504352.62
2391601445,1113614.4
7881500330,444771.7
1721801591,114139.07
2473390710,303547.8
5634500891,343885.5
5515600163,517172.0
2560805630,264085.7
8078350280,605512.0
9477201060,373995.12
8827901350,692051.6
3560800040,422432.7
3034200370,524857.56
1328300040,340446.47
2483200010,656272.5
6071800480,444210.88
6200017,232775.23
8149600065,798881.44
3362400615,482933.8
7518502945,529372.25
8001210120,279090.03
8682280340,464839.62
3623500408,2049493.9
3764650070,469065.72
7937600380,375318.22
923000580,720055.1
217500005,429326.56
5419800510,247368.69
8562901250,547829.56
2212200100,302811.97
2310100240,359738.56
8582010240,647882.3
8651410670,176937.1
3330501645,280844.75
8113101232,377276.9
7849202190,289143.88
1864700300,314078.4
5231000060,293709.3
1565900070,242111.7
7555220140,724555.3
7518505160,451642.3
3322049005,555487.4
808300550,432920.44
66000265,400638.34
2880100675,358803.88
1524079156,389236.28
3625700010,1438083.4
3259400024,339137.62
3205000310,383392.53
807800190,273719.6
2783600210,472386.8
9290870040,794607.4
2561360120,439022.25
8857100180,386045.56
4388000070,217426.02
3860900003,1009261.94
1176001119,567894.6
6084600330,243228.81
7985000100,225669.4
8026200080,344075.44
3210600010,766290.8
7558300170,532106.0
7852180340,460253.8
524069011,687569.0
3361401011,136858.58
6117502455,279932.1
5602000025,208809.16
4142450490,297248.28
5306100255,370435.84
1795900120,567740.3
1193000280,836980.3
9238480120,521320.2
3630200780,908296.25
1250201130,449036.25
7796000095,1244880.2
8635760040,506275.44
9476700135,279094.03
5249804510,539140.25
40000553,213598.53
3204300625,830679.1
2596400050,388718.8
2724069103,376367.7
3744000040,480280.0
7525100590,425197.3
3705900292,422528.6
6169900790,1417080.8
8127700735,1083135.4
3761700067,997929.0
6065300570,916152.9
4022902050,476736.97
3886902590,547209.75
4107100190,1693562.1
2909300150,675224.5
384000135,460435.56
1005000036,388705.44
8856970530,308831.25
3448900320,565233.0
6713700100,386819.47
2260300060,1622299.1
7273100026,662913.8
1277000020,926766.56
2620069113,324635.75
4166800080,323127.5
8731902680,249739.06
2599200830,229843.34
7569500010,701588.94
1825069031,777565.0
4443801495,574818.44
7805450110,730504.9
3345700207,558939.9
1560920450,798209.0
3629950010,434708.94
3782100035,270770.97
5561400340,727066.56
1898310110,270846.38
2122039094,718781.0
631000040,522913.06
293000145,384493.56
8121100015,396235.2
3205200430,393709.94
2475900565,298821.78
1651500040,1936273.6
3955900500,398926.88
7907600100,272415.4
3123039136,350156.75
3972900735,282364.25
1424059130,412811.97
6792200282,264544.94
910000104,226014.88
3751600784,335119.44
946000295,434416.75
7749500070,338529.16
255550070,343159.2
5151600340,332819.25
5415300060,546764.25
287000110,640379.44
7585000110,206234.39
8121200460,511148.2
6891100090,918380.94
7575600100,283268.06
4240400140,591450.9
4046500510,315329.3
2944010240,1083074.4
3449820380,518525.66
7203102140,318811.53
8665900291,545450.75
1775930010,422289.3
1118001631,1319600.2
8911000445,327123.56
117000100,638939.2
9284800085,442844.66
2795000080,492223.6
123039207,340986.84
1312200080,224431.67
1236300290,1159985.2
7549800168,477896.38
6891100260,868296.5
6072000910,548242.94
3226049184,364196.78
1442880320,516105.28
23500190,595886.25
6021502070,486577.2
4168000110,200694.52
792000006,161543.14
9558200210,228832.67
3840700757,705751.6
3876311650,541487.4
1328320800,341601.7
5006000170,259587.8
7575600430,253965.77
7686202580,185477.34
2524069097,1592525.5
4292300024,365694.75
2726049071,374054.0
3526039019,737727.1
3300701365,456237.62
1274500170,202496.53
7282300095,274549.12
8562740440,716681.75
3761100045,1612266.0
2877104265,813661.25
7940710100,519703.44
6071000030,804737.25
6448000100,1569330.0
2923500230,1508959.5
6751300375,433966.25
7214810350,456365.12
1088800470,547424.8
7129300420,240096.1
6149700405,336857.72
9521100855,449812.0
1861400116,668669.6
2787460720,217103.81
6073240060,650236.4
291310100,427000.3
1247100035,1009347.6
2626069030,1683337.2
1326059085,604353.56
6447300265,2029720.0
8651401270,175357.52
3524039209,949300.9
3226069049,1117289.8
7548300425,389094.12
1438000360,476506.97
1777600900,733519.25
5244800695,525907.25
3387900390,257489.06
1954700615,1015454.4
1026049036,280221.38
1683500180,236466.19
1939130420,652428.44
2021200530,1078556.6
993002325,454010.12
2780900220,280667.5
2540800390,469932.56
2919700540,622610.3
2787250090,523099.12
8651442520,274938.75
100600860,190974.55
1437580480,954681.9
3886902505,597652.8
173000140,415278.28
5151800045,517812.56
3010300240,529011.44
2085200261,320626.03
1839500065,271250.9
1049010300,386177.0
1328340540,318847.72
8887001625,530839.4
5332200320,710606.9
7137960030,277669.7
5468780250,333752.75
2436200715,611890.5
5137800030,304786.72
1068000520,1210100.9
5379805121,404965.7
7445000105,470175.97
7942601895,822950.25
1727850350,1108523.0
9407150310,337912.75
5569620550,733373.75
3179100480,502618.28
3624039111,206455.78
7844200050,318670.2
3304040020,397772.34
7739100155,711882.75
6099400053,190512.86
7468900270,202830.7
396100025,375818.56
1160000255,369008.2
6300000320,379376.4
6392000570,330645.5
7387500235,328390.1
1121000058,520243.94
9828702120,516349.97
7715800310,434247.75
8562740370,703584.3
5637500070,413844.3
5561400470,644198.6
1189000205,450848.75
2412100025,370556.7
1073100065,325933.06
5160300020,549092.7
2770601677,469581.34
5104450070,435665.56
820079043,400903.22
751000190,356964.25
1823049179,388004.38
7430200060,1399687.2
3331000035,517927.66
1775910370,527646.0
3626039299,496702.44
1546600125,687226.8
3260810150,323450.28
6817800330,304623.4
414100045,397452.3
1326039061,388599.8
4055700030,1197518.4
1225069038,1671231.6
2296700260,442530.56
2822049160,208176.27
3395300260,524238.78
5144000036,327253.38
809002290,909948.75
7334501410,342648.38
421049114,167152.78
2623069010,763039.9
1133000144,537031.2
705710290,341041.8
7313200120,626540.94
1269200150,261151.89
9264930970,306101.34
6819100020,1489895.5
5112800421,277771.12
7846700850,277939.66
7227501450,244275.34
5451210150,675611.6
4140900140,412222.62
3537900180,885366.44
7738500475,442138.22
3541600450,389109.0
5379800040,327955.06
6664900330,270528.84
6056100312,324416.94
7766200013,557817.3
8651720470,470067.47
5690500095,836405.0
5423010180,746210.4
3204300610,531811.75
3425059066,574549.9
7856660130,1044662.4
2954400520,1293067.8
2327000110,877673.4
9526600340,693253.9
7695500200,409932.0
7237501180,1146966.4
2008000550,267472.47
1123059126,506163.9
1775500371,744999.44
3459900230,1676005.5
2619950310,444192.66
1771100330,308166.9
1321059097,396474.44
2420069278,305594.12
3832050570,297506.38
7132300525,455499.44
8691410700,721512.4
7967000150,342227.75
1328300810,334067.38
711000110,1252570.9
9485951460,427247.2
1771000970,321818.3
2817100900,253688.84
6817800630,407283.34
3558900450,501003.6
7215400770,371836.38
4222000320,196634.67
2791500270,268735.28
424069018,722488.75
9547205180,700438.4
5631500947,580182.7
1425059193,1161395.5
567000775,454957.2
3904900610,514836.0
3649100346,422907.56
1624049228,458133.8
1559900080,354207.25
2919702040,604399.7
4013800206,194616.81
1025039292,1154139.1
2771604640,754398.3
7203600550,286642.7
1545802830,263997.28
3303910010,578823.1
8617000060,926916.8
7889600190,248396.55
3325069064,465956.34
6300000337,542906.75
1172000150,285656.72
3348401319,367390.12
4188000490,895703.75
7779200355,697321.1
8029900110,450391.5
4060000290,225431.3
9475710040,402943.94
798000535,239028.72
6415100410,399113.3
4299700095,307274.2
6117500955,424845.47
2421039075,216580.4
3362401935,558971.3
1545800205,291735.9
7645900235,689695.5
4141000060,1257709.5
9485800050,655408.1
2436700280,793202.1
7335400400,220521.66
9294300495,780148.4
6649300190,414194.16
7950303270,355658.03
2391601010,438459.06
8129700728,606953.94
7871500685,664128.1
1498304065,538638.7
3862710010,423555.38
9209900335,543830.75
952006857,343585.22
2322069168,584252.6
1775801090,490647.0
5700002165,547815.94
4029400080,405000.8
7796100080,825716.6
9279700150,1500005.0
3876200060,416858.72
2934800025,306490.72
9359100101,866899.0
3330500335,313505.3
4027700466,387501.06
3204800430,395177.03
5415350770,663013.06
1443550020,485364.3
2810600022,322784.38
1238500281,521256.06
2591020140,493182.62
7137900960,233838.78
1328340630,286328.75
3529200190,325871.53
1624049291,814335.8
4083301120,601269.9
1873100060,683094.56
1773101159,274375.6
7214700350,506879.8
3856902250,644678.6
7169500130,537525.6
4038300010,424966.62
9578500810,407095.38
3345100184,366915.7
452001860,437357.38
7905200037,535977.7
9376301110,479460.8
873900240,300725.2
8682262400,415683.25
7227500910,170201.39
2392100090,484429.25
3221079050,440983.56
4307320280,358642.06
3211270170,458557.8
726059483,762130.0
424049043,662654.0
6865200140,582551.8
1155640050,430026.88
4139430250,1416533.5
818500100,207648.84
7999600180,179286.08
4099501215,890943.1
4046700140,360063.62
8857600490,201304.08
8677900120,519912.62
5379805253,185182.19
9211510410,227109.9
2337000150,265585.94
1423049029,277766.62
4036800580,463422.34
3942900010,342095.9
3438502715,383851.3
7625702441,388419.0
3905100610,484321.16
2218000335,505856.03
3034200516,398726.8
8024200625,400709.03
8564500020,340016.56
9550202700,431795.2
7518508625,623202.56
1822350070,375635.5
8921000040,881288.4
6648150090,1439436.2
2402100675,628650.1
42000127,296049.3
5100401160,472834.38
7347600507,244770.42
1839910300,328318.06
1250201550,825113.7
9460000010,300280.44
3356402232,219359.22
6819100150,637116.8
8645501330,254251.72
1556200005,760286.1
40000228,156342.56
7300410010,368499.3
4299000030,364722.66
2629600016,467662.28
662310900,361388.75
1909600046,490852.94
7893207490,210793.97
2524049318,1540137.8
924069210,707578.6
1591600527,330868.2
98000060,1389519.5
6392002020,597619.75
2719100400,471021.5
8018600655,453298.88
2141500020,453799.75
3277801580,498393.53
7237500110,1028862.7
626100023,627854.44
4319200820,363039.25
1422029138,594351.56
9517200610,355673.3
7334600280,293633.12
8820902400,561310.0
8944600060,531979.1
100100050,310509.56
8074200100,247981.62
1836980240,820084.3
6648500440,310812.66
9530100225,599058.9
2883200875,619517.3
4218400175,1018147.25
1022069183,638886.2
6398000171,543654.44
5021900160,622780.75
8078410250,544950.56
7972602490,306482.25
1962200435,883167.94
7221400285,226453.3
273900030,237105.92
2708450020,514548.34
4083306616,459976.47
3034200435,588772.1
7855000550,1208094.5
871000155,619385.6
8024201714,541520.44
2625069038,1366808.5
2324800350,839953.3
5450900010,1318604.0
1822039225,634708.0
2460700700,278515.44
6679001060,307413.12
2422059111,337732.34
1250200345,298901.0
5589300370,323583.28
2021201000,1434016.0
4302200336,259963.62
1328330290,341060.34
3438500781,377553.7
5453700020,757798.1
123039147,412080.75
8691310070,860013.3
6450303785,316205.94
114100234,452121.1
9212900820,470774.97
4270600025,290773.47
7201600190,459119.7
521049227,668661.94
6300500479,435883.34
1432600100,215252.88
1024000109,348415.6
1430800100,361420.8
9164100125,575910.94
1925069183,473015.7
7852160080,854726.4
5317100780,1441705.9
4083304835,528840.44
9478400080,798438.1
4463400195,233574.0
4232901525,532113.6
3845101070,401267.38
1843130980,305892.97
3810000480,320161.6
7137960440,289995.84
1231001115,398715.75
5101405340,487428.97
3723800409,640636.0
8651430370,185709.75
6135300010,238216.97
23520380,489202.3
2935400100,534365.44
6137500320,1023526.06
7841300230,316073.28
3521069051,446894.62
2621400080,309109.7
5104530240,334245.2
2022069200,435920.75
5469501850,402041.12
9206950110,306545.7
3298300210,339014.75
2810600015,403436.88
7298050090,506073.16
7202290620,441077.78
3211290370,416088.56
1591600506,388597.97
2827100070,363720.56
2482410130,385651.47
4364200125,433797.44
6388910730,554954.2
7436500120,535323.8
1822059156,859962.5
9432750190,470188.53
2205700405,420584.8
6056111370,307841.75
3205500160,398536.3
6139100076,367534.16
723069135,433188.06
4123830070,318447.78
2472920740,433297.94
6134500220,648807.3
2734100395,208595.4
3574800090,448311.4
3126049107,526505.44
669000210,1030808.25
1139000620,314114.62
3825311190,715156.44
7300400320,378385.62
9407150250,291523.44
3679400503,306163.25
641900050,429179.2
9169100130,594733.75
8091800140,338225.2
9547201155,540782.44
4154302045,322459.47
6638900265,766155.6
1423069063,452406.62
3335000025,412254.5
9269200650,263129.88
1781500180,356123.38
9211500520,228157.8
1853080150,865332.1
2767704756,459140.7
2206700295,456544.47
2557000380,298685.88
11520200,768859.44
3832710680,248975.0
2569500210,323381.5
5230300210,258070.23
6447300225,1575992.2
5035300325,1087857.0
7853301660,737655.4
5411800250,319743.25
7203210170,721476.56
4302200415,286531.2
7942100290,227793.19
3629860160,790534.9
1423069076,587231.1
525049085,583882.75
3306200230,234894.2
2193310300,476481.97
7978800621,294208.03
4027700632,468329.97
1761100190,223600.61
2749600245,536982.0
322069141,493267.78
1900000035,177805.72
3361400190,199104.6
1604602050,513556.1
9421500160,455765.34
7788400180,286583.9
1566100625,457684.03
3861500340,243290.75
2524069072,360094.5
3013300980,480683.7
4191500130,605180.6
9407150130,319738.7
3904902500,694976.94
9510900140,240320.14
3368900084,315512.22
3432501415,312721.78
4254000540,477761.03
2767603250,526554.2
2923501130,605815.25
9183703045,271310.94
5279100675,357529.12
3905080310,531903.56
2461900375,631055.8
3346300356,591218.56
1865000110,365573.06
9264930400,286726.34
3447000100,648259.94
2313900510,517576.6
7518507330,551422.7
9368700270,214336.2
1137400420,392838.7
2023069054,245459.08
2141320230,635875.5
9536601295,364387.88
2424400130,367185.22
5210200081,452072.8
4443800785,525484.1
7292700005,547451.44
9834201205,283920.7
3275800050,283371.0
6926700654,722203.5
7511000140,1288052.4
6821101895,582064.75
8964800695,1238418.4
6821100195,665959.8
1226059105,655458.75
2806300070,1063605.8
1720069029,282269.22
6384300020,461326.94
8928100125,597284.1
8562770720,563871.4
8650300130,754841.6
2126059172,438809.62
8812401450,762523.4
6646200280,641785.6
4021100045,596384.25
1155620190,420838.38
6061000010,364453.56
3362400472,373910.25
9558020240,483553.66
7309100270,561532.75
7137950210,321115.94
7849200635,212254.06
1311200460,254010.81
284000095,1553532.4
1509700050,330941.1
3438503014,263588.72
9406450090,335137.97
5096300140,388507.56
8923600020,1417816.1
809001070,752223.0
2291400342,311016.34
644210020,826907.4
6700390090,256241.7
5631500285,718234.2
104560120,285414.38
6413100311,376155.62
2558700090,449379.38
1471590060,724670.0
8914100170,613939.25
5652601035,292360.34
7852120140,738199.3
6163900952,352138.25
5215200050,963019.6
6352600490,785779.2
3912000020,522147.16
8830400135,237180.11
5467500040,400616.2
9406570300,422626.53
109200390,225934.72
2025770310,698606.5
1939120450,672353.5
7524900003,1991287.5
3755000120,358477.6
2473002850,512999.53
7625703945,381349.72
9477000190,426398.06
1727500230,428804.03
7011201087,446987.12
5561300750,494584.8
3969300030,221652.44
8097000330,323229.5
2025049064,813507.6
985001321,220241.72
1775500050,421321.06
8849300160,356173.28
2316400285,531046.5
2423020180,592318.5
7128300500,491833.2
9512501400,425936.75
7200179,176593.88
5490210670,528142.9
9527000330,599617.25
1972200326,520542.22
4151800195,552157.3
4046500320,333360.84
9834200885,435811.0
8161020050,537960.0
2891000750,209469.94
3426049031,1266519.0
7387500195,274607.0
6303400395,141551.23
638100015,400283.2
4107100204,1809125.6
537000255,206129.78
985001266,262702.1
1137410040,469760.06
7229900250,254519.56
3905100840,499051.8
8100400160,629372.4
1346300150,1687699.8
1443501020,211025.89
5490700035,369205.66
1954600050,395861.62
8122100690,447911.38
3663000070,539548.2
5101406375,449432.97
426059055,591118.2
9268850160,332836.38
8731800840,236929.84
3331001910,310455.97
7603100020,920236.94
809002705,699337.75
4364200075,308502.72
1113000430,178674.16
1176001117,574152.75
3320000212,385832.44
9286000150,1347324.8
301400830,259204.11
425059024,635551.75
8835350300,510136.72
7100000135,288437.72
7696600240,209422.81
9808640320,995208.0
3764500180,591612.25
326049060,576399.94
4017110200,449460.8
7224500300,231018.17
1560930050,525591.4
726059395,411641.62
8964800890,1896757.6
4045500620,604423.9
8562710250,901906.2
1775800710,359303.47
9528102865,729759.1
8096000060,507763.75
1591000015,277295.78
2310000430,278344.2
3902300350,628328.25
4068300280,264525.28
8732130730,257085.19
6791100410,500454.9
7660100236,383060.3
2568200070,832536.56
7697870310,266101.6
8562901100,649989.0
4016800120,306141.03
7338200180,574273.25
6791400320,256482.27
616000200,431022.94
2917200675,466514.38
2926049086,640873.1
3621059048,448848.72
7987401095,773012.0
5589900590,347560.72
855700170,516643.03
4030500130,306525.22
1755700060,373704.9
2413900050,674852.4
2489200250,451520.44
420000085,242684.78
8106300820,480820.3
8651730580,442697.28
8106300090,436737.6
9842300095,422855.94
9477000280,403474.2
2877102495,406530.9
868001030,985416.2
8564860110,567525.94
6762700452,539730.4
3294700310,200911.67
7231501665,241965.6
7525900050,515032.9
7882600326,1470756.6
104550690,291853.06
3425059076,1035010.56
8835770170,1084280.5
2581300010,1248526.8
844000180,269396.56
7888100240,229907.81
3845100670,462928.5
4027700812,475472.0
291310390,354248.12
9550200370,633945.1
2328800130,282844.0
2372800100,247988.95
2923039264,679624.0
9282801720,291006.5
9520900230,590113.4
985000955,238999.77
1099600090,227041.69
9211010320,538710.06
3825310820,784233.25
9545240180,574283.1
87000245,200995.42
5041300100,606638.5
3624039150,251987.94
1370804430,571539.25
722079056,471226.84
9126100815,505933.72
1770000490,328521.03
3995700250,395093.0
7214820400,414703.25
2473411130,323911.16
1824059079,970304.3
3080000030,447038.28
984200540,306245.0
524059063,1765492.2
9482700475,749286.0
8024200820,501902.2
8568700015,365215.88
1223089050,381484.3
2205500400,454902.94
1279300085,667165.7
7376300085,480699.28
322069020,467012.47
291310150,357961.75
724069059,1669627.4
5255200220,407664.16
1931300850,451531.62
4427100105,384181.28
2881700231,356633.5
8641500280,292316.56
5406500440,661405.2
8078390150,689028.9
8945300090,218892.78
8819901030,791540.44
3179100220,806880.5
2126079046,352121.44
2621750350,325028.25
4014400190,488762.12
7853420110,573420.06
2114700368,295449.97
3438501081,266560.8
6850700670,841173.4
3352402272,266865.28
4157600150,653191.06
8151600941,286232.38
5160300030,554191.0
3820350120,326129.88
7338000800,189087.97
3359500110,754658.1
8016300240,604508.06
7203120050,820365.94
3322049201,257140.11
7231502505,209679.4
8106100105,1946172.5
3895100039,877826.56
1001200035,200109.88
2724201202,209715.4
4038100110,527538.8
8827900015,616182.9
2644900109,393405.56
302000375,232646.73
1604600095,361906.1
2600040160,618762.75
2129700525,305573.72
603000555,329687.97
4083302225,861594.44
7298000090,445154.47
2484700015,540076.4
8945100320,201674.38
5112800042,431541.6
8091411100,292036.8
7375100070,445183.75
7577700061,504710.62
7923700030,421449.25
4235400186,364775.53
1498303700,707625.2
3876312350,421953.56
3797001815,438755.62
868002015,1284642.0
597000550,441893.3
8956200530,452100.8
2207100165,474967.12
7942100180,221778.23
2468800040,333151.4
9842300036,387437.12
5700003985,1663216.5
2988000070,383316.12
8857320260,509165.12
2600040130,542291.0
6632900452,636058.6
7518505910,553822.2
1672000170,638377.6
2597800010,588456.06
8562790720,719899.25
4219401080,1559191.9
7000100711,756372.9
7954000125,539446.3
5700003640,1602160.6
5700000275,725180.9
4019301205,483698.94
8943600360,279008.6
2954400400,1370813.5
1321400060,264374.2
2255500123,559977.06
2781260070,409102.47
1313000220,693643.4
1125069153,1568230.5
8899000310,261062.0
4139450360,858452.3
5511600315,526265.5
3575302575,510593.28
3226049054,491621.25
274100090,330890.9
1545802080,256423.08
6669020500,300417.34
3307700405,509573.66
3760500407,1474178.8
7853270100,713700.44
9320350020,590920.4
7715800430,464137.97
6791400100,369679.9
7708000010,409375.25
1448800010,284737.12
1782500035,331213.56
3449500050,542255.3
2856100515,868595.5
1245000461,871615.1
1219000043,346186.22
5409800110,365013.22
2680700010,666566.6
8143100350,393023.8
2597150270,277486.25
2966800010,341094.8
8854000010,707349.25
2207200635,457467.12
1722059222,281635.97
9358002305,350874.44
6392001950,481109.28
3630080070,383190.38
3797001702,1050902.6
8127700440,651801.56
1446400785,210339.12
5016002275,936853.5
2818100060,1140752.8
6431000748,375103.88
7972600450,322765.6
8078570380,316621.16
7889601320,196494.44
1762600280,999268.0
3026059085,1196990.9
3475000080,641617.4
1370802620,653717.7
5151600285,317027.53
2722049218,338652.84
7696300080,404119.62
4168100020,225579.69
1474000050,435721.25
2473480350,349907.72
1139600270,280132.66
6699940120,358008.84
7016100120,416167.16
6752510010,754996.4
7915100490,605612.5
984210170,308480.06
6159400030,425366.03
3013300968,395934.88
6404600006,230672.31
2770602170,407767.6
1922059401,246885.78
291300010,364551.22
3856905185,548944.0
7304300905,303203.5
3416600185,566847.6
1786810040,666636.5
4354700010,378143.94
3902100175,807984.75
4305600360,475625.28
3622069114,645414.3
4376700570,586491.8
6795100589,561422.44
3344500085,421308.2
2206500105,428853.94
8731900880,380463.75
1682000160,212491.44
5104200380,266662.03
1982201595,546126.4
795002190,224951.1
7228500375,564771.25
9412200280,426204.94
5071401000,912951.94
597000566,315886.75
8151600101,160856.27
2028700265,483442.53
1670400090,161934.16
7851980100,1053579.0
5595900345,433439.3
4046700300,364526.88
4324210120,283131.4
2616800050,565524.75
1525079069,646665.06
9828201020,543698.5
2723069146,699786.75
9468200100,540377.25
2883200961,561856.8
1137300690,646003.6
2473100280,327491.25
723049448,250866.72
3066410810,675480.2
5700003280,1053566.9
9268200440,403456.5
4053200410,287609.84
1234000704,1268439.8
2473372170,414319.0
2523039239,231978.77
4324500490,210795.58
238000244,465647.6
1105000571,374272.72
1771000430,312861.97
666000142,840552.75
3389900800,457022.38
3578700017,576408.75
3629970190,736813.75
255450250,326670.25
1154100205,284179.12
3629890190,986047.9
3905080870,526419.6
8155820110,294353.7
5135000170,792663.75
2464400435,592484.6
9482700080,575629.8
318900080,408435.44
9477001410,402603.22
825079019,650622.8
1471701200,395924.7
5606000120,850394.4
7853350220,642396.1
1776460110,434029.16
3904920980,681710.4
8087800430,553471.06
3298200320,377192.38
9122500080,289005.22
7893804845,294923.8
1370803730,609470.7
8001450170,292341.66
5561400260,659189.25
7308600010,820333.06
3524039060,333906.84
7300400150,357673.06
207700050,545848.9
5595900355,238333.55
2652500285,839187.9
6744701310,1751018.2
525069127,1504782.0
3334000050,403479.2
8682220390,679840.5
4038700380,570734.2
8073000265,355115.44
9521100960,786519.2
5634500688,871228.7
6813600440,403111.12
1072010350,500283.62
7853301700,676910.5
5141000571,301574.16
2013802060,526742.0
7852070210,1207573.9
1402970070,324026.72
2310040020,369250.03
646910560,269195.2
6647400090,436287.56
8682231110,566207.94
4376700330,604161.7
8069000075,688804.2
7147600220,219137.58
4142450330,271321.03
5101404698,428660.12
6154500070,1018555.1
1592000640,598172.9
3756900027,520555.12
7203220130,944986.9
643300010,520215.16
8651720150,494795.7
4139400910,767829.2
5054800110,343790.06
8835200330,429725.12
7682200340,253762.88
7203600745,436820.06
1895000260,200690.69
7922750020,574726.4
5437200050,451634.56
8732160250,252479.38
1442870440,501142.2
1471700410,379598.62
3204800330,398077.84
1923000160,885808.1
2719100013,378322.84
3814900380,371252.8
326049038,464450.6
1068000110,975063.0
8835800010,1021061.44
1560920200,466286.62
1668500090,685552.4
2597530070,884401.0
1139000035,606270.1
8032700072,523894.4
7732300390,719013.44
5130000080,461295.7
9276200890,459194.12
342000036,450964.44
5126300060,470752.06
2331300505,723260.1
8651410090,185017.84
200800330,455958.8
7520000616,345618.8
7170200110,493713.94
3021059155,211778.5
3582900280,949750.9
7340600845,234630.02
3905040060,520498.53
3224800120,308624.25
6021503740,509803.1
2570300130,449011.4
8121100395,443722.7
3356404198,268432.0
3630090050,745329.2
923000413,461318.56
9201300020,1483751.5
1777600210,681356.1
7738500731,2012924.1
686900010,1054209.1
7967000160,339820.75
3413700130,600742.0
7852190290,585299.44
1180007375,575396.5
3353404510,305421.03
7802900380,317520.44
8021700715,691335.9
3205100080,452209.94
4477000290,478534.4
1118001645,1526968.0
7979900806,314403.84
7228500415,684678.1
7212660640,310765.22
3826000735,204752.83
7714000250,445546.9
4400200057,609805.0
2487200279,563841.3
7140700690,291953.0
3304300080,589465.94
2887950110,257938.34
3760500222,756246.7
9269200786,345297.6
3734900110,208006.78
5045700400,543706.25
2140950130,475791.78
2612000200,356054.75
8563300085,423924.3
2425059173,682250.2
8091410930,282145.12
9422400035,593926.06
1112000100,617636.06
1323089056,420800.25
5015000596,866215.6
1535204165,543892.94
1438000430,472782.06
3222059130,525666.56
1982200330,613630.8
6624010010,230976.1
2303900035,1587863.6
259600620,531166.5
6072500490,490432.75
123039633,347697.97
8562780090,327907.53
5249802240,599018.3
6071200400,570269.56
826069002,298155.94
2625079030,706145.44
6742700210,1270679.6
9253900408,1255225.6
2560803085,233013.33
1237500540,354307.62
425069020,1137878.9
9185700440,1871355.2
8656300345,364752.94
4245400045,253579.75
9834201370,379707.25
7853300770,407580.97
9551201295,528518.75
898000220,230517.94
3834000720,342713.06
1245500690,748430.44
4083304190,627167.44
4178300080,777635.5
2960900045,578758.56
1446801030,245366.17
7855800910,716650.25
7853310150,576514.9
8732131090,279534.62
7967600285,533376.1
8651520510,578953.44
5379802650,232229.11
1425059174,480038.22
627300105,905784.25
3124089049,429928.44
1778350270,712130.56
8691500410,387759.1
9169600043,601863.1
100300500,309654.66
3221069054,674337.75
4443800385,524901.6
7922710450,725467.25
7880020030,703309.25
3288020050,346521.5
4136980090,763920.9
1687000240,292747.03
7812801785,231026.55
1126059144,652514.3
792500260,443840.34
3222049055,677277.25
8635750090,672959.7
2767601280,777472.4
5347200162,236757.05
7503800210,270790.6
3394100020,1082238.1
7663700783,406664.7
9454200030,454128.78
3791500050,317154.25
582000185,630629.25
3211230260,418463.5
323059103,368522.5
7297700055,334132.7
1545805460,260438.33
2341800195,311410.5
6648700150,281327.0
3860900035,1745464.6
1980200236,578349.75
1180002745,309688.0
3275890310,702216.8
6840701100,507115.28
8651402750,177113.86
1588600045,406123.62
2422029094,374969.75
1702901500,335671.8
3755100005,474314.84
3624039074,286225.56
7950302995,406603.0
5273200060,615235.75
8025700460,260156.58
280610020,1031373.7
3333002450,384665.56
7379600240,536626.25
4058802300,296406.4
302000065,183556.12
9527000180,578502.0
3626039403,330483.12
9510900360,256323.58
2310040230,376042.66
7308900490,628851.56
2206900065,336711.9
324059161,993125.94
7345310100,247641.31
2422049107,351284.94
8146100095,660870.5
87000283,366116.28
7937600010,304456.72
2618300350,233998.06
224069102,512290.66
7129302095,223097.5
7352200025,971536.75
6163900333,349550.2
3528960020,701356.8
1687000220,288815.38
4141400030,587216.56
1822500160,331909.22
